id,synthetic,scenario_id,scenario_type,community,submitted_at,observed_at,activity,contributor_type,fictional_user_id,rewards_waived,feelings,pollution_types,category_litter,category_suspected_industrial,category_oil_or_fuel,category_suspected_wastewater,category_unusual_water,category_other,observation_type,sentiment,analysis_status,review_status,quality_flags,duplicate_of,dataset_consent,points_awarded,simulated_analysis,model,schema_version,prompt_version,location_precision,support_count,scenario_category,scenario_observation_type,scenario_sentiment
2a6077c1-ffdd-51a4-ae88-58f5d2df0b1e,1,C03-S01,repeated_concern_quality_approved,Island Bay,2026-07-28T08:20:00+00:00,2026-07-28T08:05:00+00:00,paddling,registered,f5692cd2-f066-5e1a-9bd3-297471a57d84,0,DEMO / SYNTHETIC C03-S01: Fictional paddling experience. I noticed several wrappers and bottles near the shoreline after my visit. This event never occurred.,litter,1,0,0,0,0,0,concern,negative,analyzed,approved,community_location_only;synthetic_demo,,1,10,1,demo-simulated-v1,demo-coastal-observation-v1,demo-evidence-separated-v1,community_only,3,litter,concern,negative
757ab709-3142-5cfc-a88c-4abd9dda32bb,1,C03-S07,repeated_concern_quality_approved,Island Bay,2026-07-28T08:26:00+00:00,2026-07-28T08:11:00+00:00,paddling,registered,0a76cb31-c62e-56dc-83e8-0491881e3624,0,"DEMO / SYNTHETIC C03-S07: Fictional paddling experience. I noticed an unusual coloured patch near the harbour. I wondered about industrial discharge, but do not know its source. This event never occurred.",suspected_industrial,0,1,0,0,0,0,concern,negative,analyzed,approved,synthetic_demo,,1,10,1,demo-simulated-v1,demo-coastal-observation-v1,demo-evidence-separated-v1,approximate_device_location,3,suspected_industrial,concern,negative
121cfbf4-48ff-5178-957a-92f027759922,1,C03-S13,repeated_concern_quality_approved,Island Bay,2026-07-28T08:32:00+00:00,2026-07-28T08:17:00+00:00,paddling,registered,101493fe-8ba4-516d-b693-ae459d3b75f9,0,"DEMO / SYNTHETIC C03-S13: Fictional paddling experience. I noticed a rainbow-like sheen while boating. I wondered about fuel, but cannot identify the substance. This event never occurred.",oil_or_fuel,0,0,1,0,0,0,concern,negative,analyzed,approved,synthetic_demo,,1,10,1,demo-simulated-v1,demo-coastal-observation-v1,demo-evidence-separated-v1,approximate_device_location,3,oil_or_fuel,concern,negative
6f91cf36-499e-591f-bbd9-052abbb05748,1,C03-S37,positive_coastal_experience,Island Bay,2026-07-28T08:56:00+00:00,2026-07-28T08:41:00+00:00,paddling,registered,0a76cb31-c62e-56dc-83e8-0491881e3624,0,DEMO / SYNTHETIC C03-S37: Fictional paddling experience. I enjoyed my time by the water. It looked clear to me and I felt refreshed. This personal impression does not establish water safety. This event never occurred.,,0,0,0,0,0,0,moment,positive,analyzed,approved,synthetic_demo,,1,10,1,demo-simulated-v1,demo-coastal-observation-v1,demo-evidence-separated-v1,approximate_device_location,0,,moment,positive
b3598f5b-9ec1-5e95-a85d-2f00fd4af82e,1,C03-S19,repeated_concern_quality_approved,Island Bay,2026-07-29T08:38:00+00:00,2026-07-29T08:23:00+00:00,paddling,registered,bbea72fb-75e2-5380-b430-d2cff3d49daa,0,"DEMO / SYNTHETIC C03-S19: Fictional paddling experience. I noticed a strong odour near an outfall. I wondered about wastewater, but this is an unverified impression. This event never occurred.",suspected_wastewater,0,0,0,1,0,0,concern,negative,analyzed,approved,synthetic_demo,,1,10,1,demo-simulated-v1,demo-coastal-observation-v1,demo-evidence-separated-v1,approximate_device_location,3,suspected_wastewater,concern,negative
99a344fa-386c-579b-9ee7-060f14e07209,1,C03-S25,repeated_concern_quality_approved,Island Bay,2026-07-29T08:44:00+00:00,2026-07-29T08:29:00+00:00,paddling,registered,7f751526-1ed8-5b0d-915b-826d247348f8,0,"DEMO / SYNTHETIC C03-S25: Fictional paddling experience. The water looked unusually cloudy to me today. I do not know whether weather, sediment or another cause explains it. This event never occurred.",unusual_water,0,0,0,0,1,0,concern,negative,analyzed,approved,synthetic_demo,,1,10,1,demo-simulated-v1,demo-coastal-observation-v1,demo-evidence-separated-v1,approximate_device_location,3,unusual_water,concern,negative
f7320f05-a8d8-57d1-aa16-e3756d2762b0,1,C03-S31,repeated_concern_quality_approved,Island Bay,2026-07-29T08:50:00+00:00,2026-07-29T08:35:00+00:00,paddling,registered,f5692cd2-f066-5e1a-9bd3-297471a57d84,0,DEMO / SYNTHETIC C03-S31: Fictional paddling experience. I noticed discarded fishing line near the rocks and want the community to keep an eye on this area. This event never occurred.,other,0,0,0,0,0,1,concern,negative,analyzed,approved,synthetic_demo,,1,10,1,demo-simulated-v1,demo-coastal-observation-v1,demo-evidence-separated-v1,approximate_device_location,3,other,concern,negative
64232e4b-e9b7-5981-8ae8-47a986e054a5,1,C03-S38,positive_coastal_experience,Island Bay,2026-08-05T08:57:00+00:00,2026-08-05T08:42:00+00:00,boating,registered,1f438d18-9e91-5f2d-93ff-1b9163287bde,0,DEMO / SYNTHETIC C03-S38: Fictional boating experience. I enjoyed my time by the water. It looked clear to me and I felt refreshed. This personal impression does not establish water safety. This event never occurred.,,0,0,0,0,0,0,moment,positive,analyzed,approved,synthetic_demo,,0,10,1,demo-simulated-v1,demo-coastal-observation-v1,demo-evidence-separated-v1,approximate_device_location,0,,moment,positive
c8c8b7e5-81fb-55ae-9933-0cd70442a7a5,1,C03-S02,repeated_concern_quality_approved,Island Bay,2026-08-07T08:21:00+00:00,2026-08-07T08:06:00+00:00,boating,registered,08550ffe-4ae9-5749-b305-552daae7b7d6,0,DEMO / SYNTHETIC C03-S02: Fictional boating experience. I noticed several wrappers and bottles near the shoreline after my visit. This event never occurred.,litter,1,0,0,0,0,0,concern,negative,analyzed,approved,synthetic_demo,,0,10,1,demo-simulated-v1,demo-coastal-observation-v1,demo-evidence-separated-v1,approximate_device_location,3,litter,concern,negative
039a0c0d-ce37-5e40-ba9c-62e249761e38,1,C03-S08,repeated_concern_quality_approved,Island Bay,2026-08-07T08:27:00+00:00,2026-08-07T08:12:00+00:00,boating,registered,1f438d18-9e91-5f2d-93ff-1b9163287bde,0,"DEMO / SYNTHETIC C03-S08: Fictional boating experience. I noticed an unusual coloured patch near the harbour. I wondered about industrial discharge, but do not know its source. This event never occurred.",suspected_industrial,0,1,0,0,0,0,concern,negative,analyzed,approved,synthetic_demo,,0,10,1,demo-simulated-v1,demo-coastal-observation-v1,demo-evidence-separated-v1,approximate_device_location,3,suspected_industrial,concern,negative
d9389397-0fa1-5412-8286-e54d5971b6c4,1,C03-S14,repeated_concern_quality_approved,Island Bay,2026-08-07T08:33:00+00:00,2026-08-07T08:18:00+00:00,boating,registered,487c0ed4-3ee4-5fe1-8869-98006c30f4d1,0,"DEMO / SYNTHETIC C03-S14: Fictional boating experience. I noticed a rainbow-like sheen while boating. I wondered about fuel, but cannot identify the substance. This event never occurred.",oil_or_fuel,0,0,1,0,0,0,concern,negative,analyzed,approved,synthetic_demo,,0,10,1,demo-simulated-v1,demo-coastal-observation-v1,demo-evidence-separated-v1,approximate_device_location,3,oil_or_fuel,concern,negative
a240497d-a999-58ee-b627-46a2ade6c043,1,C03-S20,repeated_concern_quality_approved,Island Bay,2026-08-08T08:39:00+00:00,2026-08-08T08:24:00+00:00,boating,registered,78059473-8c46-53b2-a7c3-66eaa72450d0,0,"DEMO / SYNTHETIC C03-S20: Fictional boating experience. I noticed a strong odour near an outfall. I wondered about wastewater, but this is an unverified impression. This event never occurred.",suspected_wastewater,0,0,0,1,0,0,concern,negative,analyzed,approved,synthetic_demo,,0,10,1,demo-simulated-v1,demo-coastal-observation-v1,demo-evidence-separated-v1,approximate_device_location,3,suspected_wastewater,concern,negative
2c2fe227-ddb5-5857-a0bd-60809d721f85,1,C03-S26,repeated_concern_quality_approved,Island Bay,2026-08-08T08:45:00+00:00,2026-08-08T08:30:00+00:00,boating,registered,e9140487-dcfb-55b8-8153-baa650b713b9,0,"DEMO / SYNTHETIC C03-S26: Fictional boating experience. The water looked unusually cloudy to me today. I do not know whether weather, sediment or another cause explains it. This event never occurred.",unusual_water,0,0,0,0,1,0,concern,negative,analyzed,approved,synthetic_demo,,0,10,1,demo-simulated-v1,demo-coastal-observation-v1,demo-evidence-separated-v1,approximate_device_location,3,unusual_water,concern,negative
5901470c-68c8-55dd-adfd-fa2c998edc41,1,C03-S32,repeated_concern_quality_approved,Island Bay,2026-08-08T08:51:00+00:00,2026-08-08T08:36:00+00:00,boating,registered,08550ffe-4ae9-5749-b305-552daae7b7d6,0,DEMO / SYNTHETIC C03-S32: Fictional boating experience. I noticed discarded fishing line near the rocks and want the community to keep an eye on this area. This event never occurred.,other,0,0,0,0,0,1,concern,negative,analyzed,approved,synthetic_demo,,0,10,1,demo-simulated-v1,demo-coastal-observation-v1,demo-evidence-separated-v1,approximate_device_location,3,other,concern,negative
1bcc0cb1-5cdb-599f-8baa-c88feaee8fbf,1,C03-S39,positive_coastal_experience,Island Bay,2026-08-13T08:58:00+00:00,2026-08-13T08:43:00+00:00,commercial_fishing,guest,,1,DEMO / SYNTHETIC C03-S39: Fictional commercial fishing experience. I enjoyed my time by the water. It looked clear to me and I felt refreshed. This personal impression does not establish water safety. This event never occurred.,,0,0,0,0,0,0,moment,positive,analyzed,approved,synthetic_demo,,1,0,1,demo-simulated-v1,demo-coastal-observation-v1,demo-evidence-separated-v1,approximate_device_location,0,,moment,positive
8fc72657-84fb-5f1a-acfa-5a146f963cd7,1,C03-S03,repeated_concern_quality_approved,Island Bay,2026-08-18T08:22:00+00:00,2026-08-18T08:07:00+00:00,commercial_fishing,registered,dcb970c4-c852-59a4-94a8-72656a0f0119,0,DEMO / SYNTHETIC C03-S03: Fictional commercial fishing experience. I noticed several wrappers and bottles near the shoreline after my visit. This event never occurred.,litter,1,0,0,0,0,0,concern,negative,analyzed,approved,synthetic_demo,,1,10,1,demo-simulated-v1,demo-coastal-observation-v1,demo-evidence-separated-v1,approximate_device_location,3,litter,concern,negative
34fb1459-970b-51af-8f0f-da521796207b,1,C03-S09,repeated_concern_quality_approved,Island Bay,2026-08-18T08:28:00+00:00,2026-08-18T08:13:00+00:00,commercial_fishing,registered,ca6de5e3-5868-530f-a672-4261f79e403a,0,"DEMO / SYNTHETIC C03-S09: Fictional commercial fishing experience. I noticed an unusual coloured patch near the harbour. I wondered about industrial discharge, but do not know its source. This event never occurred.",suspected_industrial,0,1,0,0,0,0,concern,negative,analyzed,approved,synthetic_demo,,1,10,1,demo-simulated-v1,demo-coastal-observation-v1,demo-evidence-separated-v1,approximate_device_location,3,suspected_industrial,concern,negative
6a025bd5-c55a-5ed1-9430-8bc55c9f387d,1,C03-S15,repeated_concern_quality_approved,Island Bay,2026-08-18T08:34:00+00:00,2026-08-18T08:19:00+00:00,commercial_fishing,registered,518bbc96-6fae-57ce-88b8-88b51b6b131c,0,"DEMO / SYNTHETIC C03-S15: Fictional commercial fishing experience. I noticed a rainbow-like sheen while boating. I wondered about fuel, but cannot identify the substance. This event never occurred.",oil_or_fuel,0,0,1,0,0,0,concern,negative,analyzed,approved,synthetic_demo,,1,10,1,demo-simulated-v1,demo-coastal-observation-v1,demo-evidence-separated-v1,approximate_device_location,3,oil_or_fuel,concern,negative
2e0a5486-b716-5e68-9d84-b1e064b7f3b2,1,C03-S21,repeated_concern_quality_approved,Island Bay,2026-08-19T08:40:00+00:00,2026-08-19T08:25:00+00:00,commercial_fishing,registered,0dc6578d-60e0-5d68-9036-22ab507ffd76,0,"DEMO / SYNTHETIC C03-S21: Fictional commercial fishing experience. I noticed a strong odour near an outfall. I wondered about wastewater, but this is an unverified impression. This event never occurred.",suspected_wastewater,0,0,0,1,0,0,concern,negative,analyzed,approved,synthetic_demo,,1,10,1,demo-simulated-v1,demo-coastal-observation-v1,demo-evidence-separated-v1,approximate_device_location,3,suspected_wastewater,concern,negative
fb34f2a1-e89e-5d05-a96c-0ebaff09aef2,1,C03-S27,repeated_concern_quality_approved,Island Bay,2026-08-19T08:46:00+00:00,2026-08-19T08:31:00+00:00,commercial_fishing,registered,377eb2d4-b99c-55df-bce1-5b50fca3e937,0,"DEMO / SYNTHETIC C03-S27: Fictional commercial fishing experience. The water looked unusually cloudy to me today. I do not know whether weather, sediment or another cause explains it. This event never occurred.",unusual_water,0,0,0,0,1,0,concern,negative,analyzed,approved,synthetic_demo,,1,10,1,demo-simulated-v1,demo-coastal-observation-v1,demo-evidence-separated-v1,approximate_device_location,3,unusual_water,concern,negative
c9f15ec4-68d7-53bc-972a-a83d2897bdfe,1,C03-S33,repeated_concern_quality_approved,Island Bay,2026-08-19T08:52:00+00:00,2026-08-19T08:37:00+00:00,commercial_fishing,registered,dcb970c4-c852-59a4-94a8-72656a0f0119,0,DEMO / SYNTHETIC C03-S33: Fictional commercial fishing experience. I noticed discarded fishing line near the rocks and want the community to keep an eye on this area. This event never occurred.,other,0,0,0,0,0,1,concern,negative,analyzed,approved,synthetic_demo,,1,10,1,demo-simulated-v1,demo-coastal-observation-v1,demo-evidence-separated-v1,approximate_device_location,3,other,concern,negative
3ee39457-ff28-5b20-b015-f8a5ec202b40,1,C03-S40,positive_coastal_experience,Island Bay,2026-08-21T08:59:00+00:00,2026-08-21T08:44:00+00:00,conservation,registered,ee52b4fe-eae5-52d2-b300-1e2915f36d83,0,DEMO / SYNTHETIC C03-S40: Fictional conservation experience. I enjoyed my time by the water. It looked clear to me and I felt refreshed. This personal impression does not establish water safety. This event never occurred.,,0,0,0,0,0,0,moment,positive,analyzed,approved,synthetic_demo,,1,10,1,demo-simulated-v1,demo-coastal-observation-v1,demo-evidence-separated-v1,approximate_device_location,0,,moment,positive
41d67dd4-5a1d-51e2-a90d-4832f044d8d1,1,C03-S41,positive_coastal_experience,Island Bay,2026-08-29T09:00:00+00:00,2026-08-29T08:45:00+00:00,swimming,registered,dbede28f-0b84-5665-ac1f-84498d160ec5,0,DEMO / SYNTHETIC C03-S41: Fictional swimming experience. I enjoyed my time by the water. It looked clear to me and I felt refreshed. This personal impression does not establish water safety. This event never occurred.,,0,0,0,0,0,0,moment,positive,analyzed,pending,synthetic_demo,,0,0,1,demo-simulated-v1,demo-coastal-observation-v1,demo-evidence-separated-v1,approximate_device_location,0,,moment,positive
52fe9c6f-64ef-56a5-8448-5b9888202f3c,1,C03-S04,concern_followup,Island Bay,2026-08-31T08:23:00+00:00,2026-08-31T08:08:00+00:00,conservation,guest,,1,DEMO / SYNTHETIC C03-S04: Fictional conservation experience. I noticed several wrappers and bottles near the shoreline after my visit. This event never occurred.,litter,1,0,0,0,0,0,concern,negative,analyzed,pending,synthetic_demo,,1,0,1,demo-simulated-v1,demo-coastal-observation-v1,demo-evidence-separated-v1,approximate_device_location,3,litter,concern,negative
15b240db-d1a7-518a-bc63-90bb10ae564f,1,C03-S10,concern_followup,Island Bay,2026-08-31T08:29:00+00:00,2026-08-31T08:14:00+00:00,conservation,guest,,1,"DEMO / SYNTHETIC C03-S10: Fictional conservation experience. I noticed an unusual coloured patch near the harbour. I wondered about industrial discharge, but do not know its source. This event never occurred.",suspected_industrial,0,1,0,0,0,0,concern,negative,analyzed,pending,synthetic_demo,,1,0,1,demo-simulated-v1,demo-coastal-observation-v1,demo-evidence-separated-v1,approximate_device_location,3,suspected_industrial,concern,negative
623a0cb3-c659-5aa7-836b-bef691918999,1,C03-S16,concern_followup,Island Bay,2026-08-31T08:35:00+00:00,2026-08-31T08:20:00+00:00,conservation,guest,,1,"DEMO / SYNTHETIC C03-S16: Fictional conservation experience. I noticed a rainbow-like sheen while boating. I wondered about fuel, but cannot identify the substance. This event never occurred.",oil_or_fuel,0,0,1,0,0,0,concern,negative,analyzed,pending,synthetic_demo,,1,0,1,demo-simulated-v1,demo-coastal-observation-v1,demo-evidence-separated-v1,approximate_device_location,3,oil_or_fuel,concern,negative
f6bcdd2d-26e3-5535-abae-27f2f7a707e4,1,C03-S22,concern_followup,Island Bay,2026-09-01T08:41:00+00:00,2026-09-01T08:26:00+00:00,conservation,guest,,1,"DEMO / SYNTHETIC C03-S22: Fictional conservation experience. I noticed a strong odour near an outfall. I wondered about wastewater, but this is an unverified impression. This event never occurred.",suspected_wastewater,0,0,0,1,0,0,concern,negative,analyzed,pending,synthetic_demo,,1,0,1,demo-simulated-v1,demo-coastal-observation-v1,demo-evidence-separated-v1,approximate_device_location,3,suspected_wastewater,concern,negative
0cae832f-5d74-5d89-ba44-c476b5e84053,1,C03-S28,concern_followup,Island Bay,2026-09-01T08:47:00+00:00,2026-09-01T08:32:00+00:00,conservation,guest,,1,"DEMO / SYNTHETIC C03-S28: Fictional conservation experience. The water looked unusually cloudy to me today. I do not know whether weather, sediment or another cause explains it. This event never occurred.",unusual_water,0,0,0,0,1,0,concern,negative,analyzed,pending,synthetic_demo,,1,0,1,demo-simulated-v1,demo-coastal-observation-v1,demo-evidence-separated-v1,approximate_device_location,3,unusual_water,concern,negative
8c9bf8ae-fabb-548e-9cc5-2b2a6a652fa0,1,C03-S34,concern_followup,Island Bay,2026-09-01T08:53:00+00:00,2026-09-01T08:38:00+00:00,conservation,guest,,1,DEMO / SYNTHETIC C03-S34: Fictional conservation experience. I noticed discarded fishing line near the rocks and want the community to keep an eye on this area. This event never occurred.,other,0,0,0,0,0,1,concern,negative,analyzed,pending,community_location_only;synthetic_demo,,1,0,1,demo-simulated-v1,demo-coastal-observation-v1,demo-evidence-separated-v1,community_only,3,other,concern,negative
d3464d2c-02d7-5925-8f7d-eee42111a098,1,C03-S42,positive_coastal_experience,Island Bay,2026-09-06T09:01:00+00:00,2026-09-06T08:46:00+00:00,recreational_fishing,guest,,1,DEMO / SYNTHETIC C03-S42: Fictional recreational fishing experience. I enjoyed my time by the water. It looked clear to me and I felt refreshed. This personal impression does not establish water safety. This event never occurred.,,,,,,,,,,pending,pending,synthetic_demo,,1,0,0,demo-simulated-v1,demo-coastal-observation-v1,demo-evidence-separated-v1,approximate_device_location,0,,moment,positive
31a3b7f4-c349-5fcd-94ba-567cf0d72d7d,1,C03-S05,analysis_pending,Island Bay,2026-09-12T08:24:00+00:00,2026-09-12T08:09:00+00:00,swimming,registered,37c92636-4e22-5856-9cae-6914be02d57c,0,DEMO / SYNTHETIC C03-S05: Fictional swimming experience. I noticed several wrappers and bottles near the shoreline after my visit. This event never occurred.,,,,,,,,,,pending,pending,synthetic_demo,,0,0,0,demo-simulated-v1,demo-coastal-observation-v1,demo-evidence-separated-v1,approximate_device_location,0,litter,concern,negative
d54e4682-5fb4-571e-96ad-c1c2a899ad56,1,C03-S11,analysis_failure,Island Bay,2026-09-12T08:30:00+00:00,2026-09-12T08:15:00+00:00,swimming,registered,dbede28f-0b84-5665-ac1f-84498d160ec5,0,"DEMO / SYNTHETIC C03-S11: Fictional swimming experience. I noticed an unusual coloured patch near the harbour. I wondered about industrial discharge, but do not know its source. This event never occurred.",,,,,,,,,,failed,pending,synthetic_demo,,0,0,0,demo-simulated-v1,demo-coastal-observation-v1,demo-evidence-separated-v1,approximate_device_location,0,suspected_industrial,concern,negative
ef99dfdd-4d99-5e1c-9e86-6fa35655d18f,1,C03-S17,analysis_pending,Island Bay,2026-09-12T08:36:00+00:00,2026-09-12T08:21:00+00:00,swimming,registered,e3950d66-1509-5ba9-b729-51dbd92f53ad,0,"DEMO / SYNTHETIC C03-S17: Fictional swimming experience. I noticed a rainbow-like sheen while boating. I wondered about fuel, but cannot identify the substance. This event never occurred.",,,,,,,,,,pending,pending,synthetic_demo,,0,0,0,demo-simulated-v1,demo-coastal-observation-v1,demo-evidence-separated-v1,approximate_device_location,0,oil_or_fuel,concern,negative
7eed7200-d0ca-5c85-ba5c-d09d61556c2d,1,C03-S23,analysis_failure,Island Bay,2026-09-13T08:42:00+00:00,2026-09-13T08:27:00+00:00,swimming,registered,0cedf2b3-7ba1-5e0d-9196-7a0700f4daf1,0,"DEMO / SYNTHETIC C03-S23: Fictional swimming experience. I noticed a strong odour near an outfall. I wondered about wastewater, but this is an unverified impression. This event never occurred.",,,,,,,,,,failed,pending,community_location_only;synthetic_demo,,0,0,0,demo-simulated-v1,demo-coastal-observation-v1,demo-evidence-separated-v1,community_only,0,suspected_wastewater,concern,negative
8764a0d9-70ed-5ebe-8a22-57fa6cffb0b3,1,C03-S29,analysis_pending,Island Bay,2026-09-13T08:48:00+00:00,2026-09-13T08:33:00+00:00,swimming,registered,21e8c742-530e-5305-9cc8-dc406a382538,0,"DEMO / SYNTHETIC C03-S29: Fictional swimming experience. The water looked unusually cloudy to me today. I do not know whether weather, sediment or another cause explains it. This event never occurred.",,,,,,,,,,pending,pending,synthetic_demo,,0,0,0,demo-simulated-v1,demo-coastal-observation-v1,demo-evidence-separated-v1,approximate_device_location,0,unusual_water,concern,negative
81504d6b-cb12-575b-a6f5-e98f02616d66,1,C03-S35,analysis_failure,Island Bay,2026-09-13T08:54:00+00:00,2026-09-13T08:39:00+00:00,swimming,registered,37c92636-4e22-5856-9cae-6914be02d57c,0,DEMO / SYNTHETIC C03-S35: Fictional swimming experience. I noticed discarded fishing line near the rocks and want the community to keep an eye on this area. This event never occurred.,,,,,,,,,,failed,pending,synthetic_demo,,0,0,0,demo-simulated-v1,demo-coastal-observation-v1,demo-evidence-separated-v1,approximate_device_location,0,other,concern,negative
fb899b54-9d06-5697-bcfb-694c29f15b8c,1,C03-S43,positive_coastal_experience,Island Bay,2026-09-14T09:02:00+00:00,2026-09-14T08:47:00+00:00,paddling,registered,101493fe-8ba4-516d-b693-ae459d3b75f9,0,DEMO / SYNTHETIC C03-S43: Fictional paddling experience. I enjoyed my time by the water. It looked clear to me and I felt refreshed. This personal impression does not establish water safety. This event never occurred.,,,,,,,,,,failed,pending,synthetic_demo,,1,0,0,demo-simulated-v1,demo-coastal-observation-v1,demo-evidence-separated-v1,approximate_device_location,0,,moment,positive
6c3836d1-467b-5fdd-b167-fb56c8341d01,1,C03-S44,positive_coastal_experience,Island Bay,2026-09-22T09:03:00+00:00,2026-09-22T08:48:00+00:00,boating,guest,,1,DEMO / SYNTHETIC C03-S44: Fictional boating experience. I enjoyed my time by the water. It looked clear to me and I felt refreshed. This personal impression does not establish water safety. This event never occurred.,,0,0,0,0,0,0,moment,positive,analyzed,approved,synthetic_demo,,0,0,1,demo-simulated-v1,demo-coastal-observation-v1,demo-evidence-separated-v1,approximate_device_location,0,,moment,positive
48f672c6-e6a5-59ec-923d-68bf51387850,1,C03-S45,uncertain_low_resolution,Island Bay,2026-09-22T09:04:00+00:00,2026-09-22T08:49:00+00:00,commercial_fishing,registered,518bbc96-6fae-57ce-88b8-88b51b6b131c,0,"DEMO / SYNTHETIC C03-S45: Fictional commercial fishing experience. I could not tell what the patch in the water was. I am sharing an uncertain observation for follow-up, without claiming pollution. This event never occurred.",,0,0,0,0,0,0,uncertain,neutral,analyzed,rejected,low_resolution;community_location_only;synthetic_demo,,1,0,1,demo-simulated-v1,demo-coastal-observation-v1,demo-evidence-separated-v1,community_only,0,,uncertain,neutral
2cda0942-1637-5ae0-823d-0ea9b382a2cb,1,C03-S06,duplicate_photo,Island Bay,2026-09-23T08:25:00+00:00,2026-09-23T08:10:00+00:00,recreational_fishing,registered,58050f5f-bb57-5188-bea6-50029269ffc6,0,DEMO / SYNTHETIC C03-S06: Fictional recreational fishing experience. I noticed several wrappers and bottles near the shoreline after my visit. This event never occurred.,,,,,,,,,,duplicate,pending,synthetic_demo;duplicate_photo,2a6077c1-ffdd-51a4-ae88-58f5d2df0b1e,1,0,0,demo-simulated-v1,demo-coastal-observation-v1,demo-evidence-separated-v1,approximate_device_location,0,litter,concern,negative
0e8c51ef-5e34-5712-b54f-31b73a5a0afd,1,C03-S12,low_resolution,Island Bay,2026-09-23T08:31:00+00:00,2026-09-23T08:16:00+00:00,recreational_fishing,registered,08444fce-f59d-5cfa-bff1-363fa8ea6e1e,0,"DEMO / SYNTHETIC C03-S12: Fictional recreational fishing experience. I noticed an unusual coloured patch near the harbour. I wondered about industrial discharge, but do not know its source. This event never occurred.",suspected_industrial,0,1,0,0,0,0,concern,negative,analyzed,rejected,low_resolution;community_location_only;synthetic_demo,,1,0,1,demo-simulated-v1,demo-coastal-observation-v1,demo-evidence-separated-v1,community_only,0,suspected_industrial,concern,negative
aea4cdf6-3085-5908-bf17-ac3076ee1960,1,C03-S18,imprecise_gps,Island Bay,2026-09-23T08:37:00+00:00,2026-09-23T08:22:00+00:00,recreational_fishing,registered,4aaa5d11-46b7-5dfe-9b3f-8a32d40571b7,0,"DEMO / SYNTHETIC C03-S18: Fictional recreational fishing experience. I noticed a rainbow-like sheen while boating. I wondered about fuel, but cannot identify the substance. This event never occurred.",oil_or_fuel,0,0,1,0,0,0,concern,negative,analyzed,rejected,imprecise_gps;synthetic_demo,,1,0,1,demo-simulated-v1,demo-coastal-observation-v1,demo-evidence-separated-v1,imprecise_device_location,0,oil_or_fuel,concern,negative
9bf21333-550a-5cc2-abd7-78d296dee532,1,C03-S46,uncertain_imprecise_gps,Island Bay,2026-09-23T09:05:00+00:00,2026-09-23T08:50:00+00:00,conservation,registered,a373ccb2-3496-59ee-8c1a-4673629916b8,0,"DEMO / SYNTHETIC C03-S46: Fictional conservation experience. I could not tell what the patch in the water was. I am sharing an uncertain observation for follow-up, without claiming pollution. This event never occurred.",,0,0,0,0,0,0,uncertain,unknown,analyzed,pending,imprecise_gps;synthetic_demo,,1,0,1,demo-simulated-v1,demo-coastal-observation-v1,demo-evidence-separated-v1,imprecise_device_location,0,,uncertain,unknown
f404438e-bfcc-596e-98eb-a684c0297613,1,C03-S24,text_image_conflict,Island Bay,2026-09-24T08:43:00+00:00,2026-09-24T08:28:00+00:00,recreational_fishing,registered,129effb0-d7c8-5883-86c1-50b92a0db966,0,"DEMO / SYNTHETIC C03-S24: Fictional recreational fishing experience. I noticed a strong odour near an outfall. I wondered about wastewater, but this is an unverified impression. This event never occurred.",suspected_wastewater,0,0,0,1,0,0,concern,negative,analyzed,rejected,synthetic_demo,,1,0,1,demo-simulated-v1,demo-coastal-observation-v1,demo-evidence-separated-v1,approximate_device_location,0,suspected_wastewater,concern,negative
288ffa31-5709-55db-85d6-0e855726058f,1,C03-S30,analysis_failure,Island Bay,2026-09-24T08:49:00+00:00,2026-09-24T08:34:00+00:00,recreational_fishing,registered,1ee99103-0960-5c68-a12d-771c2b52021a,0,"DEMO / SYNTHETIC C03-S30: Fictional recreational fishing experience. The water looked unusually cloudy to me today. I do not know whether weather, sediment or another cause explains it. This event never occurred.",,,,,,,,,,failed,pending,synthetic_demo,,1,0,0,demo-simulated-v1,demo-coastal-observation-v1,demo-evidence-separated-v1,approximate_device_location,0,unusual_water,concern,negative
6252cf75-35ae-5f5e-a657-5853f2cf2a7f,1,C03-S36,missing_photo_date,Island Bay,2026-09-24T08:55:00+00:00,,recreational_fishing,registered,58050f5f-bb57-5188-bea6-50029269ffc6,0,DEMO / SYNTHETIC C03-S36: Fictional recreational fishing experience. I noticed discarded fishing line near the rocks and want the community to keep an eye on this area. This event never occurred.,other,0,0,0,0,0,1,concern,negative,analyzed,pending,missing_photo_date;synthetic_demo,,1,0,1,demo-simulated-v1,demo-coastal-observation-v1,demo-evidence-separated-v1,approximate_device_location,0,other,concern,negative
b3dd34bf-b9a8-566a-b428-ec82d763b1b8,1,C03-S47,uncertain_text_image_conflict,Island Bay,2026-09-24T09:06:00+00:00,2026-09-24T08:51:00+00:00,swimming,registered,e3950d66-1509-5ba9-b729-51dbd92f53ad,0,"DEMO / SYNTHETIC C03-S47: Fictional swimming experience. I could not tell what the patch in the water was. I am sharing an uncertain observation for follow-up, without claiming pollution. This event never occurred.",,0,0,0,0,0,0,uncertain,neutral,analyzed,rejected,synthetic_demo,,0,0,1,demo-simulated-v1,demo-coastal-observation-v1,demo-evidence-separated-v1,approximate_device_location,0,,uncertain,neutral
f4a37755-91e3-5414-9cc6-4a348bab6143,1,C03-S48,uncertain_missing_photo_date,Island Bay,2026-09-25T09:07:00+00:00,,recreational_fishing,guest,,1,"DEMO / SYNTHETIC C03-S48: Fictional recreational fishing experience. I could not tell what the patch in the water was. I am sharing an uncertain observation for follow-up, without claiming pollution. This event never occurred.",,0,0,0,0,0,0,uncertain,unknown,analyzed,pending,missing_photo_date;synthetic_demo,,1,0,1,demo-simulated-v1,demo-coastal-observation-v1,demo-evidence-separated-v1,approximate_device_location,0,,uncertain,unknown
dc7a42d6-5ac5-53e1-a07c-562bc2b8bd77,1,C02-S01,repeated_concern_quality_approved,Lyall Bay,2026-07-28T08:10:00+00:00,2026-07-28T07:55:00+00:00,recreational_fishing,registered,129effb0-d7c8-5883-86c1-50b92a0db966,0,DEMO / SYNTHETIC C02-S01: Fictional recreational fishing experience. I noticed several wrappers and bottles near the shoreline after my visit. This event never occurred.,litter,1,0,0,0,0,0,concern,negative,analyzed,approved,community_location_only;synthetic_demo,,1,10,1,demo-simulated-v1,demo-coastal-observation-v1,demo-evidence-separated-v1,community_only,3,litter,concern,negative
d65a6104-dc50-5653-9ed0-6d2eaf5f1ab9,1,C02-S07,repeated_concern_quality_approved,Lyall Bay,2026-07-28T08:16:00+00:00,2026-07-28T08:01:00+00:00,recreational_fishing,registered,1ee99103-0960-5c68-a12d-771c2b52021a,0,"DEMO / SYNTHETIC C02-S07: Fictional recreational fishing experience. I noticed an unusual coloured patch near the harbour. I wondered about industrial discharge, but do not know its source. This event never occurred.",suspected_industrial,0,1,0,0,0,0,concern,negative,analyzed,approved,synthetic_demo,,1,10,1,demo-simulated-v1,demo-coastal-observation-v1,demo-evidence-separated-v1,approximate_device_location,3,suspected_industrial,concern,negative
3482c0a9-71e6-5d08-8756-6fc2217d533b,1,C02-S13,repeated_concern_quality_approved,Lyall Bay,2026-07-28T08:22:00+00:00,2026-07-28T08:07:00+00:00,recreational_fishing,registered,58050f5f-bb57-5188-bea6-50029269ffc6,0,"DEMO / SYNTHETIC C02-S13: Fictional recreational fishing experience. I noticed a rainbow-like sheen while boating. I wondered about fuel, but cannot identify the substance. This event never occurred.",oil_or_fuel,0,0,1,0,0,0,concern,negative,analyzed,approved,synthetic_demo,,1,10,1,demo-simulated-v1,demo-coastal-observation-v1,demo-evidence-separated-v1,approximate_device_location,3,oil_or_fuel,concern,negative
be09b5aa-3da2-5062-b1f2-8b69a8803d81,1,C02-S37,positive_coastal_experience,Lyall Bay,2026-07-28T08:46:00+00:00,2026-07-28T08:31:00+00:00,recreational_fishing,registered,1ee99103-0960-5c68-a12d-771c2b52021a,0,DEMO / SYNTHETIC C02-S37: Fictional recreational fishing experience. I enjoyed my time by the water. It looked clear to me and I felt refreshed. This personal impression does not establish water safety. This event never occurred.,,0,0,0,0,0,0,moment,positive,analyzed,approved,synthetic_demo,,1,10,1,demo-simulated-v1,demo-coastal-observation-v1,demo-evidence-separated-v1,approximate_device_location,0,,moment,positive
98ed3675-1994-5eab-8723-f01199f0ef9e,1,C02-S19,repeated_concern_quality_approved,Lyall Bay,2026-07-29T08:28:00+00:00,2026-07-29T08:13:00+00:00,recreational_fishing,registered,08444fce-f59d-5cfa-bff1-363fa8ea6e1e,0,"DEMO / SYNTHETIC C02-S19: Fictional recreational fishing experience. I noticed a strong odour near an outfall. I wondered about wastewater, but this is an unverified impression. This event never occurred.",suspected_wastewater,0,0,0,1,0,0,concern,negative,analyzed,approved,synthetic_demo,,1,10,1,demo-simulated-v1,demo-coastal-observation-v1,demo-evidence-separated-v1,approximate_device_location,3,suspected_wastewater,concern,negative
b06b6f45-e347-5e69-9899-01680c2a23af,1,C02-S25,repeated_concern_quality_approved,Lyall Bay,2026-07-29T08:34:00+00:00,2026-07-29T08:19:00+00:00,recreational_fishing,registered,4aaa5d11-46b7-5dfe-9b3f-8a32d40571b7,0,"DEMO / SYNTHETIC C02-S25: Fictional recreational fishing experience. The water looked unusually cloudy to me today. I do not know whether weather, sediment or another cause explains it. This event never occurred.",unusual_water,0,0,0,0,1,0,concern,negative,analyzed,approved,synthetic_demo,,1,10,1,demo-simulated-v1,demo-coastal-observation-v1,demo-evidence-separated-v1,approximate_device_location,3,unusual_water,concern,negative
a329497f-e0a4-5e8e-a175-c0be985743ad,1,C02-S31,repeated_concern_quality_approved,Lyall Bay,2026-07-29T08:40:00+00:00,2026-07-29T08:25:00+00:00,recreational_fishing,registered,129effb0-d7c8-5883-86c1-50b92a0db966,0,DEMO / SYNTHETIC C02-S31: Fictional recreational fishing experience. I noticed discarded fishing line near the rocks and want the community to keep an eye on this area. This event never occurred.,other,0,0,0,0,0,1,concern,negative,analyzed,approved,synthetic_demo,,1,10,1,demo-simulated-v1,demo-coastal-observation-v1,demo-evidence-separated-v1,approximate_device_location,3,other,concern,negative
0951fecf-ce44-5529-b830-e7a01f1ecdfe,1,C02-S38,positive_coastal_experience,Lyall Bay,2026-08-05T08:47:00+00:00,2026-08-05T08:32:00+00:00,paddling,registered,f5692cd2-f066-5e1a-9bd3-297471a57d84,0,DEMO / SYNTHETIC C02-S38: Fictional paddling experience. I enjoyed my time by the water. It looked clear to me and I felt refreshed. This personal impression does not establish water safety. This event never occurred.,,0,0,0,0,0,0,moment,positive,analyzed,approved,synthetic_demo,,0,10,1,demo-simulated-v1,demo-coastal-observation-v1,demo-evidence-separated-v1,approximate_device_location,0,,moment,positive
b91dbfee-dfed-5a16-a0fc-e5c208aa5732,1,C02-S02,repeated_concern_quality_approved,Lyall Bay,2026-08-07T08:11:00+00:00,2026-08-07T07:56:00+00:00,paddling,registered,7f751526-1ed8-5b0d-915b-826d247348f8,0,DEMO / SYNTHETIC C02-S02: Fictional paddling experience. I noticed several wrappers and bottles near the shoreline after my visit. This event never occurred.,litter,1,0,0,0,0,0,concern,negative,analyzed,approved,synthetic_demo,,0,10,1,demo-simulated-v1,demo-coastal-observation-v1,demo-evidence-separated-v1,approximate_device_location,3,litter,concern,negative
462859d0-cb24-56f5-8e5e-a9909a5e0416,1,C02-S08,repeated_concern_quality_approved,Lyall Bay,2026-08-07T08:17:00+00:00,2026-08-07T08:02:00+00:00,paddling,registered,f5692cd2-f066-5e1a-9bd3-297471a57d84,0,"DEMO / SYNTHETIC C02-S08: Fictional paddling experience. I noticed an unusual coloured patch near the harbour. I wondered about industrial discharge, but do not know its source. This event never occurred.",suspected_industrial,0,1,0,0,0,0,concern,negative,analyzed,approved,synthetic_demo,,0,10,1,demo-simulated-v1,demo-coastal-observation-v1,demo-evidence-separated-v1,approximate_device_location,3,suspected_industrial,concern,negative
cabe737e-cb75-50ae-aeae-38a5a019806b,1,C02-S14,repeated_concern_quality_approved,Lyall Bay,2026-08-07T08:23:00+00:00,2026-08-07T08:08:00+00:00,paddling,registered,0a76cb31-c62e-56dc-83e8-0491881e3624,0,"DEMO / SYNTHETIC C02-S14: Fictional paddling experience. I noticed a rainbow-like sheen while boating. I wondered about fuel, but cannot identify the substance. This event never occurred.",oil_or_fuel,0,0,1,0,0,0,concern,negative,analyzed,approved,synthetic_demo,,0,10,1,demo-simulated-v1,demo-coastal-observation-v1,demo-evidence-separated-v1,approximate_device_location,3,oil_or_fuel,concern,negative
c9efcbef-12b0-59ab-bee6-0b162d02a011,1,C02-S20,repeated_concern_quality_approved,Lyall Bay,2026-08-08T08:29:00+00:00,2026-08-08T08:14:00+00:00,paddling,registered,101493fe-8ba4-516d-b693-ae459d3b75f9,0,"DEMO / SYNTHETIC C02-S20: Fictional paddling experience. I noticed a strong odour near an outfall. I wondered about wastewater, but this is an unverified impression. This event never occurred.",suspected_wastewater,0,0,0,1,0,0,concern,negative,analyzed,approved,synthetic_demo,,0,10,1,demo-simulated-v1,demo-coastal-observation-v1,demo-evidence-separated-v1,approximate_device_location,3,suspected_wastewater,concern,negative
058c235f-5969-534c-8572-e502ddf90203,1,C02-S26,repeated_concern_quality_approved,Lyall Bay,2026-08-08T08:35:00+00:00,2026-08-08T08:20:00+00:00,paddling,registered,bbea72fb-75e2-5380-b430-d2cff3d49daa,0,"DEMO / SYNTHETIC C02-S26: Fictional paddling experience. The water looked unusually cloudy to me today. I do not know whether weather, sediment or another cause explains it. This event never occurred.",unusual_water,0,0,0,0,1,0,concern,negative,analyzed,approved,synthetic_demo,,0,10,1,demo-simulated-v1,demo-coastal-observation-v1,demo-evidence-separated-v1,approximate_device_location,3,unusual_water,concern,negative
a566c3a9-2a8a-5b85-b4d1-1b7410c76090,1,C02-S32,repeated_concern_quality_approved,Lyall Bay,2026-08-08T08:41:00+00:00,2026-08-08T08:26:00+00:00,paddling,registered,7f751526-1ed8-5b0d-915b-826d247348f8,0,DEMO / SYNTHETIC C02-S32: Fictional paddling experience. I noticed discarded fishing line near the rocks and want the community to keep an eye on this area. This event never occurred.,other,0,0,0,0,0,1,concern,negative,analyzed,approved,synthetic_demo,,0,10,1,demo-simulated-v1,demo-coastal-observation-v1,demo-evidence-separated-v1,approximate_device_location,3,other,concern,negative
cb29148b-b368-53cc-a023-ff198963a74d,1,C02-S39,positive_coastal_experience,Lyall Bay,2026-08-13T08:48:00+00:00,2026-08-13T08:33:00+00:00,boating,guest,,1,DEMO / SYNTHETIC C02-S39: Fictional boating experience. I enjoyed my time by the water. It looked clear to me and I felt refreshed. This personal impression does not establish water safety. This event never occurred.,,0,0,0,0,0,0,moment,positive,analyzed,approved,synthetic_demo,,1,0,1,demo-simulated-v1,demo-coastal-observation-v1,demo-evidence-separated-v1,approximate_device_location,0,,moment,positive
89397ee7-6ee0-5e2a-9b60-3255f1946b1f,1,C02-S03,repeated_concern_quality_approved,Lyall Bay,2026-08-18T08:12:00+00:00,2026-08-18T07:57:00+00:00,boating,registered,e9140487-dcfb-55b8-8153-baa650b713b9,0,DEMO / SYNTHETIC C02-S03: Fictional boating experience. I noticed several wrappers and bottles near the shoreline after my visit. This event never occurred.,litter,1,0,0,0,0,0,concern,negative,analyzed,approved,synthetic_demo,,1,10,1,demo-simulated-v1,demo-coastal-observation-v1,demo-evidence-separated-v1,approximate_device_location,3,litter,concern,negative
a25ae01f-5aa6-54c6-82a6-cfee278f4d74,1,C02-S09,repeated_concern_quality_approved,Lyall Bay,2026-08-18T08:18:00+00:00,2026-08-18T08:03:00+00:00,boating,registered,08550ffe-4ae9-5749-b305-552daae7b7d6,0,"DEMO / SYNTHETIC C02-S09: Fictional boating experience. I noticed an unusual coloured patch near the harbour. I wondered about industrial discharge, but do not know its source. This event never occurred.",suspected_industrial,0,1,0,0,0,0,concern,negative,analyzed,approved,synthetic_demo,,1,10,1,demo-simulated-v1,demo-coastal-observation-v1,demo-evidence-separated-v1,approximate_device_location,3,suspected_industrial,concern,negative
7861b3c2-eaf2-5df7-8872-c5fe8368dcbf,1,C02-S15,repeated_concern_quality_approved,Lyall Bay,2026-08-18T08:24:00+00:00,2026-08-18T08:09:00+00:00,boating,registered,1f438d18-9e91-5f2d-93ff-1b9163287bde,0,"DEMO / SYNTHETIC C02-S15: Fictional boating experience. I noticed a rainbow-like sheen while boating. I wondered about fuel, but cannot identify the substance. This event never occurred.",oil_or_fuel,0,0,1,0,0,0,concern,negative,analyzed,approved,synthetic_demo,,1,10,1,demo-simulated-v1,demo-coastal-observation-v1,demo-evidence-separated-v1,approximate_device_location,3,oil_or_fuel,concern,negative
ff2de9c0-4ac6-5177-b435-46f60cb45eea,1,C02-S21,repeated_concern_quality_approved,Lyall Bay,2026-08-19T08:30:00+00:00,2026-08-19T08:15:00+00:00,boating,registered,487c0ed4-3ee4-5fe1-8869-98006c30f4d1,0,"DEMO / SYNTHETIC C02-S21: Fictional boating experience. I noticed a strong odour near an outfall. I wondered about wastewater, but this is an unverified impression. This event never occurred.",suspected_wastewater,0,0,0,1,0,0,concern,negative,analyzed,approved,synthetic_demo,,1,10,1,demo-simulated-v1,demo-coastal-observation-v1,demo-evidence-separated-v1,approximate_device_location,3,suspected_wastewater,concern,negative
eb829b2a-92c6-511e-8f2f-6371a54de141,1,C02-S27,repeated_concern_quality_approved,Lyall Bay,2026-08-19T08:36:00+00:00,2026-08-19T08:21:00+00:00,boating,registered,78059473-8c46-53b2-a7c3-66eaa72450d0,0,"DEMO / SYNTHETIC C02-S27: Fictional boating experience. The water looked unusually cloudy to me today. I do not know whether weather, sediment or another cause explains it. This event never occurred.",unusual_water,0,0,0,0,1,0,concern,negative,analyzed,approved,synthetic_demo,,1,10,1,demo-simulated-v1,demo-coastal-observation-v1,demo-evidence-separated-v1,approximate_device_location,3,unusual_water,concern,negative
61ef0b0f-8da2-5ae5-825f-562694df520e,1,C02-S33,repeated_concern_quality_approved,Lyall Bay,2026-08-19T08:42:00+00:00,2026-08-19T08:27:00+00:00,boating,registered,e9140487-dcfb-55b8-8153-baa650b713b9,0,DEMO / SYNTHETIC C02-S33: Fictional boating experience. I noticed discarded fishing line near the rocks and want the community to keep an eye on this area. This event never occurred.,other,0,0,0,0,0,1,concern,negative,analyzed,approved,synthetic_demo,,1,10,1,demo-simulated-v1,demo-coastal-observation-v1,demo-evidence-separated-v1,approximate_device_location,3,other,concern,negative
4aa9491e-2a63-594d-a308-82670984d1f5,1,C02-S40,positive_coastal_experience,Lyall Bay,2026-08-21T08:49:00+00:00,2026-08-21T08:34:00+00:00,commercial_fishing,registered,dcb970c4-c852-59a4-94a8-72656a0f0119,0,DEMO / SYNTHETIC C02-S40: Fictional commercial fishing experience. I enjoyed my time by the water. It looked clear to me and I felt refreshed. This personal impression does not establish water safety. This event never occurred.,,0,0,0,0,0,0,moment,positive,analyzed,approved,synthetic_demo,,1,10,1,demo-simulated-v1,demo-coastal-observation-v1,demo-evidence-separated-v1,approximate_device_location,0,,moment,positive
2cce553b-1403-5303-9069-2d52a0a10363,1,C02-S41,positive_coastal_experience,Lyall Bay,2026-08-29T08:50:00+00:00,2026-08-29T08:35:00+00:00,conservation,registered,9e2d99d0-0030-544a-b45c-12bd8d0f5931,0,DEMO / SYNTHETIC C02-S41: Fictional conservation experience. I enjoyed my time by the water. It looked clear to me and I felt refreshed. This personal impression does not establish water safety. This event never occurred.,,0,0,0,0,0,0,moment,positive,analyzed,pending,synthetic_demo,,0,0,1,demo-simulated-v1,demo-coastal-observation-v1,demo-evidence-separated-v1,approximate_device_location,0,,moment,positive
1cf52514-6af3-5c17-8ce0-d00ac63c6508,1,C02-S04,concern_followup,Lyall Bay,2026-08-31T08:13:00+00:00,2026-08-31T07:58:00+00:00,commercial_fishing,guest,,1,DEMO / SYNTHETIC C02-S04: Fictional commercial fishing experience. I noticed several wrappers and bottles near the shoreline after my visit. This event never occurred.,litter,1,0,0,0,0,0,concern,negative,analyzed,pending,synthetic_demo,,1,0,1,demo-simulated-v1,demo-coastal-observation-v1,demo-evidence-separated-v1,approximate_device_location,3,litter,concern,negative
7bf6eca7-a9a3-5eff-955f-070deb56de4a,1,C02-S10,concern_followup,Lyall Bay,2026-08-31T08:19:00+00:00,2026-08-31T08:04:00+00:00,commercial_fishing,guest,,1,"DEMO / SYNTHETIC C02-S10: Fictional commercial fishing experience. I noticed an unusual coloured patch near the harbour. I wondered about industrial discharge, but do not know its source. This event never occurred.",suspected_industrial,0,1,0,0,0,0,concern,negative,analyzed,pending,synthetic_demo,,1,0,1,demo-simulated-v1,demo-coastal-observation-v1,demo-evidence-separated-v1,approximate_device_location,3,suspected_industrial,concern,negative
b3cf133a-c466-565d-9f60-2e275f5b6a2d,1,C02-S16,concern_followup,Lyall Bay,2026-08-31T08:25:00+00:00,2026-08-31T08:10:00+00:00,commercial_fishing,guest,,1,"DEMO / SYNTHETIC C02-S16: Fictional commercial fishing experience. I noticed a rainbow-like sheen while boating. I wondered about fuel, but cannot identify the substance. This event never occurred.",oil_or_fuel,0,0,1,0,0,0,concern,negative,analyzed,pending,synthetic_demo,,1,0,1,demo-simulated-v1,demo-coastal-observation-v1,demo-evidence-separated-v1,approximate_device_location,3,oil_or_fuel,concern,negative
4d12f1f0-4f30-5c1a-b6a6-b47c33e60e2d,1,C02-S22,concern_followup,Lyall Bay,2026-09-01T08:31:00+00:00,2026-09-01T08:16:00+00:00,commercial_fishing,guest,,1,"DEMO / SYNTHETIC C02-S22: Fictional commercial fishing experience. I noticed a strong odour near an outfall. I wondered about wastewater, but this is an unverified impression. This event never occurred.",suspected_wastewater,0,0,0,1,0,0,concern,negative,analyzed,pending,synthetic_demo,,1,0,1,demo-simulated-v1,demo-coastal-observation-v1,demo-evidence-separated-v1,approximate_device_location,3,suspected_wastewater,concern,negative
0fc99be6-3f1f-59b4-a9ca-9ed37bae6d3f,1,C02-S28,concern_followup,Lyall Bay,2026-09-01T08:37:00+00:00,2026-09-01T08:22:00+00:00,commercial_fishing,guest,,1,"DEMO / SYNTHETIC C02-S28: Fictional commercial fishing experience. The water looked unusually cloudy to me today. I do not know whether weather, sediment or another cause explains it. This event never occurred.",unusual_water,0,0,0,0,1,0,concern,negative,analyzed,pending,synthetic_demo,,1,0,1,demo-simulated-v1,demo-coastal-observation-v1,demo-evidence-separated-v1,approximate_device_location,3,unusual_water,concern,negative
80df91aa-62aa-5131-9c33-e92eea15f5bf,1,C02-S34,concern_followup,Lyall Bay,2026-09-01T08:43:00+00:00,2026-09-01T08:28:00+00:00,commercial_fishing,guest,,1,DEMO / SYNTHETIC C02-S34: Fictional commercial fishing experience. I noticed discarded fishing line near the rocks and want the community to keep an eye on this area. This event never occurred.,other,0,0,0,0,0,1,concern,negative,analyzed,pending,community_location_only;synthetic_demo,,1,0,1,demo-simulated-v1,demo-coastal-observation-v1,demo-evidence-separated-v1,community_only,3,other,concern,negative
c43136f3-7e6b-56ba-9c6d-2241ec2cdbc4,1,C02-S42,positive_coastal_experience,Lyall Bay,2026-09-06T08:51:00+00:00,2026-09-06T08:36:00+00:00,swimming,guest,,1,DEMO / SYNTHETIC C02-S42: Fictional swimming experience. I enjoyed my time by the water. It looked clear to me and I felt refreshed. This personal impression does not establish water safety. This event never occurred.,,,,,,,,,,pending,pending,synthetic_demo,,1,0,0,demo-simulated-v1,demo-coastal-observation-v1,demo-evidence-separated-v1,approximate_device_location,0,,moment,positive
9b952c6f-d9e3-56aa-b6f2-fbe189628d8e,1,C02-S05,analysis_pending,Lyall Bay,2026-09-12T08:14:00+00:00,2026-09-12T07:59:00+00:00,conservation,registered,0a4cfedb-9e7f-5416-a936-b064bb3d89a9,0,DEMO / SYNTHETIC C02-S05: Fictional conservation experience. I noticed several wrappers and bottles near the shoreline after my visit. This event never occurred.,,,,,,,,,,pending,pending,synthetic_demo,,0,0,0,demo-simulated-v1,demo-coastal-observation-v1,demo-evidence-separated-v1,approximate_device_location,0,litter,concern,negative
6ee83405-e144-5561-b998-e12858be9846,1,C02-S11,analysis_failure,Lyall Bay,2026-09-12T08:20:00+00:00,2026-09-12T08:05:00+00:00,conservation,registered,9e2d99d0-0030-544a-b45c-12bd8d0f5931,0,"DEMO / SYNTHETIC C02-S11: Fictional conservation experience. I noticed an unusual coloured patch near the harbour. I wondered about industrial discharge, but do not know its source. This event never occurred.",,,,,,,,,,failed,pending,synthetic_demo,,0,0,0,demo-simulated-v1,demo-coastal-observation-v1,demo-evidence-separated-v1,approximate_device_location,0,suspected_industrial,concern,negative
2332791a-2fd5-5896-9ee9-41f73ed2129d,1,C02-S17,analysis_pending,Lyall Bay,2026-09-12T08:26:00+00:00,2026-09-12T08:11:00+00:00,conservation,registered,ee52b4fe-eae5-52d2-b300-1e2915f36d83,0,"DEMO / SYNTHETIC C02-S17: Fictional conservation experience. I noticed a rainbow-like sheen while boating. I wondered about fuel, but cannot identify the substance. This event never occurred.",,,,,,,,,,pending,pending,synthetic_demo,,0,0,0,demo-simulated-v1,demo-coastal-observation-v1,demo-evidence-separated-v1,approximate_device_location,0,oil_or_fuel,concern,negative
d3deb718-2a90-5b9e-aedc-0a1d3e8d8aa3,1,C02-S23,analysis_failure,Lyall Bay,2026-09-13T08:32:00+00:00,2026-09-13T08:17:00+00:00,conservation,registered,a373ccb2-3496-59ee-8c1a-4673629916b8,0,"DEMO / SYNTHETIC C02-S23: Fictional conservation experience. I noticed a strong odour near an outfall. I wondered about wastewater, but this is an unverified impression. This event never occurred.",,,,,,,,,,failed,pending,community_location_only;synthetic_demo,,0,0,0,demo-simulated-v1,demo-coastal-observation-v1,demo-evidence-separated-v1,community_only,0,suspected_wastewater,concern,negative
23c4c770-18ad-55bc-b69e-90e1cc455191,1,C02-S29,analysis_pending,Lyall Bay,2026-09-13T08:38:00+00:00,2026-09-13T08:23:00+00:00,conservation,registered,1f8d6f9b-b4b3-5bae-a6c7-56c288a6f0e6,0,"DEMO / SYNTHETIC C02-S29: Fictional conservation experience. The water looked unusually cloudy to me today. I do not know whether weather, sediment or another cause explains it. This event never occurred.",,,,,,,,,,pending,pending,synthetic_demo,,0,0,0,demo-simulated-v1,demo-coastal-observation-v1,demo-evidence-separated-v1,approximate_device_location,0,unusual_water,concern,negative
d7b66bc6-4a14-56b7-9594-cf779b1ca9a6,1,C02-S35,analysis_failure,Lyall Bay,2026-09-13T08:44:00+00:00,2026-09-13T08:29:00+00:00,conservation,registered,0a4cfedb-9e7f-5416-a936-b064bb3d89a9,0,DEMO / SYNTHETIC C02-S35: Fictional conservation experience. I noticed discarded fishing line near the rocks and want the community to keep an eye on this area. This event never occurred.,,,,,,,,,,failed,pending,synthetic_demo,,0,0,0,demo-simulated-v1,demo-coastal-observation-v1,demo-evidence-separated-v1,approximate_device_location,0,other,concern,negative
ed8186eb-a1ce-5ce3-ba25-492f98c1dac5,1,C02-S43,positive_coastal_experience,Lyall Bay,2026-09-14T08:52:00+00:00,2026-09-14T08:37:00+00:00,recreational_fishing,registered,58050f5f-bb57-5188-bea6-50029269ffc6,0,DEMO / SYNTHETIC C02-S43: Fictional recreational fishing experience. I enjoyed my time by the water. It looked clear to me and I felt refreshed. This personal impression does not establish water safety. This event never occurred.,,,,,,,,,,failed,pending,synthetic_demo,,1,0,0,demo-simulated-v1,demo-coastal-observation-v1,demo-evidence-separated-v1,approximate_device_location,0,,moment,positive
22f8cd3a-0f08-5ba5-b6ba-45654dbf99af,1,C02-S44,positive_coastal_experience,Lyall Bay,2026-09-22T08:53:00+00:00,2026-09-22T08:38:00+00:00,paddling,guest,,1,DEMO / SYNTHETIC C02-S44: Fictional paddling experience. I enjoyed my time by the water. It looked clear to me and I felt refreshed. This personal impression does not establish water safety. This event never occurred.,,0,0,0,0,0,0,moment,positive,analyzed,approved,synthetic_demo,,0,0,1,demo-simulated-v1,demo-coastal-observation-v1,demo-evidence-separated-v1,approximate_device_location,0,,moment,positive
2a3b1a3f-ecb5-5ab4-a13e-c423f0c834eb,1,C02-S45,uncertain_low_resolution,Lyall Bay,2026-09-22T08:54:00+00:00,2026-09-22T08:39:00+00:00,boating,registered,1f438d18-9e91-5f2d-93ff-1b9163287bde,0,"DEMO / SYNTHETIC C02-S45: Fictional boating experience. I could not tell what the patch in the water was. I am sharing an uncertain observation for follow-up, without claiming pollution. This event never occurred.",,0,0,0,0,0,0,uncertain,neutral,analyzed,rejected,low_resolution;community_location_only;synthetic_demo,,1,0,1,demo-simulated-v1,demo-coastal-observation-v1,demo-evidence-separated-v1,community_only,0,,uncertain,neutral
0c18c3b5-4c2c-5c32-b215-3b4d3071cdc0,1,C02-S06,duplicate_photo,Lyall Bay,2026-09-23T08:15:00+00:00,2026-09-23T08:00:00+00:00,swimming,registered,21e8c742-530e-5305-9cc8-dc406a382538,0,DEMO / SYNTHETIC C02-S06: Fictional swimming experience. I noticed several wrappers and bottles near the shoreline after my visit. This event never occurred.,,,,,,,,,,duplicate,pending,synthetic_demo;duplicate_photo,dc7a42d6-5ac5-53e1-a07c-562bc2b8bd77,1,0,0,demo-simulated-v1,demo-coastal-observation-v1,demo-evidence-separated-v1,approximate_device_location,0,litter,concern,negative
a75e92bd-71a2-5659-a709-bd8f4a4969bc,1,C02-S12,low_resolution,Lyall Bay,2026-09-23T08:21:00+00:00,2026-09-23T08:06:00+00:00,swimming,registered,37c92636-4e22-5856-9cae-6914be02d57c,0,"DEMO / SYNTHETIC C02-S12: Fictional swimming experience. I noticed an unusual coloured patch near the harbour. I wondered about industrial discharge, but do not know its source. This event never occurred.",suspected_industrial,0,1,0,0,0,0,concern,negative,analyzed,rejected,low_resolution;community_location_only;synthetic_demo,,1,0,1,demo-simulated-v1,demo-coastal-observation-v1,demo-evidence-separated-v1,community_only,0,suspected_industrial,concern,negative
89414868-bea8-537a-8400-0eda50986311,1,C02-S18,imprecise_gps,Lyall Bay,2026-09-23T08:27:00+00:00,2026-09-23T08:12:00+00:00,swimming,registered,dbede28f-0b84-5665-ac1f-84498d160ec5,0,"DEMO / SYNTHETIC C02-S18: Fictional swimming experience. I noticed a rainbow-like sheen while boating. I wondered about fuel, but cannot identify the substance. This event never occurred.",oil_or_fuel,0,0,1,0,0,0,concern,negative,analyzed,rejected,imprecise_gps;synthetic_demo,,1,0,1,demo-simulated-v1,demo-coastal-observation-v1,demo-evidence-separated-v1,imprecise_device_location,0,oil_or_fuel,concern,negative
46eab50e-1df9-54b9-8931-37d66d51fedd,1,C02-S46,uncertain_imprecise_gps,Lyall Bay,2026-09-23T08:55:00+00:00,2026-09-23T08:40:00+00:00,commercial_fishing,registered,ca6de5e3-5868-530f-a672-4261f79e403a,0,"DEMO / SYNTHETIC C02-S46: Fictional commercial fishing experience. I could not tell what the patch in the water was. I am sharing an uncertain observation for follow-up, without claiming pollution. This event never occurred.",,0,0,0,0,0,0,uncertain,unknown,analyzed,pending,imprecise_gps;synthetic_demo,,1,0,1,demo-simulated-v1,demo-coastal-observation-v1,demo-evidence-separated-v1,imprecise_device_location,0,,uncertain,unknown
162e6bd3-3edd-546f-91d2-7f675da4a3da,1,C02-S24,text_image_conflict,Lyall Bay,2026-09-24T08:33:00+00:00,2026-09-24T08:18:00+00:00,swimming,registered,e3950d66-1509-5ba9-b729-51dbd92f53ad,0,"DEMO / SYNTHETIC C02-S24: Fictional swimming experience. I noticed a strong odour near an outfall. I wondered about wastewater, but this is an unverified impression. This event never occurred.",suspected_wastewater,0,0,0,1,0,0,concern,negative,analyzed,rejected,synthetic_demo,,1,0,1,demo-simulated-v1,demo-coastal-observation-v1,demo-evidence-separated-v1,approximate_device_location,0,suspected_wastewater,concern,negative
4bf14ecb-30d8-5306-aab9-65cee0964262,1,C02-S30,analysis_failure,Lyall Bay,2026-09-24T08:39:00+00:00,2026-09-24T08:24:00+00:00,swimming,registered,0cedf2b3-7ba1-5e0d-9196-7a0700f4daf1,0,"DEMO / SYNTHETIC C02-S30: Fictional swimming experience. The water looked unusually cloudy to me today. I do not know whether weather, sediment or another cause explains it. This event never occurred.",,,,,,,,,,failed,pending,synthetic_demo,,1,0,0,demo-simulated-v1,demo-coastal-observation-v1,demo-evidence-separated-v1,approximate_device_location,0,unusual_water,concern,negative
c43c0c94-16c4-58dc-afe9-e694716b22e0,1,C02-S36,missing_photo_date,Lyall Bay,2026-09-24T08:45:00+00:00,,swimming,registered,21e8c742-530e-5305-9cc8-dc406a382538,0,DEMO / SYNTHETIC C02-S36: Fictional swimming experience. I noticed discarded fishing line near the rocks and want the community to keep an eye on this area. This event never occurred.,other,0,0,0,0,0,1,concern,negative,analyzed,pending,missing_photo_date;synthetic_demo,,1,0,1,demo-simulated-v1,demo-coastal-observation-v1,demo-evidence-separated-v1,approximate_device_location,0,other,concern,negative
58935c19-c4c8-5e1c-a755-01f66b04a1df,1,C02-S47,uncertain_text_image_conflict,Lyall Bay,2026-09-24T08:56:00+00:00,2026-09-24T08:41:00+00:00,conservation,registered,ee52b4fe-eae5-52d2-b300-1e2915f36d83,0,"DEMO / SYNTHETIC C02-S47: Fictional conservation experience. I could not tell what the patch in the water was. I am sharing an uncertain observation for follow-up, without claiming pollution. This event never occurred.",,0,0,0,0,0,0,uncertain,neutral,analyzed,rejected,synthetic_demo,,0,0,1,demo-simulated-v1,demo-coastal-observation-v1,demo-evidence-separated-v1,approximate_device_location,0,,uncertain,neutral
15b4bd4a-745d-5099-9fb1-434c9549fb49,1,C02-S48,uncertain_missing_photo_date,Lyall Bay,2026-09-25T08:57:00+00:00,,swimming,guest,,1,"DEMO / SYNTHETIC C02-S48: Fictional swimming experience. I could not tell what the patch in the water was. I am sharing an uncertain observation for follow-up, without claiming pollution. This event never occurred.",,0,0,0,0,0,0,uncertain,unknown,analyzed,pending,missing_photo_date;synthetic_demo,,1,0,1,demo-simulated-v1,demo-coastal-observation-v1,demo-evidence-separated-v1,approximate_device_location,0,,uncertain,unknown
afc2d36d-66ae-53d4-871f-d912977c2f9b,1,C01-S01,repeated_concern_quality_approved,Oriental Bay,2026-07-28T08:00:00+00:00,2026-07-28T07:45:00+00:00,swimming,registered,e3950d66-1509-5ba9-b729-51dbd92f53ad,0,DEMO / SYNTHETIC C01-S01: Fictional swimming experience. I noticed several wrappers and bottles near the shoreline after my visit. This event never occurred.,litter,1,0,0,0,0,0,concern,negative,analyzed,approved,community_location_only;synthetic_demo,,1,10,1,demo-simulated-v1,demo-coastal-observation-v1,demo-evidence-separated-v1,community_only,3,litter,concern,negative
fb77ebcb-a67a-575e-bbc3-5b6b0e2d67a1,1,C01-S07,repeated_concern_quality_approved,Oriental Bay,2026-07-28T08:06:00+00:00,2026-07-28T07:51:00+00:00,swimming,registered,0cedf2b3-7ba1-5e0d-9196-7a0700f4daf1,0,"DEMO / SYNTHETIC C01-S07: Fictional swimming experience. I noticed an unusual coloured patch near the harbour. I wondered about industrial discharge, but do not know its source. This event never occurred.",suspected_industrial,0,1,0,0,0,0,concern,negative,analyzed,approved,synthetic_demo,,1,10,1,demo-simulated-v1,demo-coastal-observation-v1,demo-evidence-separated-v1,approximate_device_location,3,suspected_industrial,concern,negative
8ba76e14-5a7c-5281-bd7e-4e06571ea474,1,C01-S13,repeated_concern_quality_approved,Oriental Bay,2026-07-28T08:12:00+00:00,2026-07-28T07:57:00+00:00,swimming,registered,21e8c742-530e-5305-9cc8-dc406a382538,0,"DEMO / SYNTHETIC C01-S13: Fictional swimming experience. I noticed a rainbow-like sheen while boating. I wondered about fuel, but cannot identify the substance. This event never occurred.",oil_or_fuel,0,0,1,0,0,0,concern,negative,analyzed,approved,synthetic_demo,,1,10,1,demo-simulated-v1,demo-coastal-observation-v1,demo-evidence-separated-v1,approximate_device_location,3,oil_or_fuel,concern,negative
29193953-442e-57ad-9e02-d5af704ab482,1,C01-S37,positive_coastal_experience,Oriental Bay,2026-07-28T08:36:00+00:00,2026-07-28T08:21:00+00:00,swimming,registered,0cedf2b3-7ba1-5e0d-9196-7a0700f4daf1,0,DEMO / SYNTHETIC C01-S37: Fictional swimming experience. I enjoyed my time by the water. It looked clear to me and I felt refreshed. This personal impression does not establish water safety. This event never occurred.,,0,0,0,0,0,0,moment,positive,analyzed,approved,synthetic_demo,,1,10,1,demo-simulated-v1,demo-coastal-observation-v1,demo-evidence-separated-v1,approximate_device_location,0,,moment,positive
dd5a24de-ce0c-5b78-8500-1c9abfee9ba4,1,C01-S19,repeated_concern_quality_approved,Oriental Bay,2026-07-29T08:18:00+00:00,2026-07-29T08:03:00+00:00,swimming,registered,37c92636-4e22-5856-9cae-6914be02d57c,0,"DEMO / SYNTHETIC C01-S19: Fictional swimming experience. I noticed a strong odour near an outfall. I wondered about wastewater, but this is an unverified impression. This event never occurred.",suspected_wastewater,0,0,0,1,0,0,concern,negative,analyzed,approved,synthetic_demo,,1,10,1,demo-simulated-v1,demo-coastal-observation-v1,demo-evidence-separated-v1,approximate_device_location,3,suspected_wastewater,concern,negative
bceadd68-da63-57ba-b9de-b9d4c6471eeb,1,C01-S25,repeated_concern_quality_approved,Oriental Bay,2026-07-29T08:24:00+00:00,2026-07-29T08:09:00+00:00,swimming,registered,dbede28f-0b84-5665-ac1f-84498d160ec5,0,"DEMO / SYNTHETIC C01-S25: Fictional swimming experience. The water looked unusually cloudy to me today. I do not know whether weather, sediment or another cause explains it. This event never occurred.",unusual_water,0,0,0,0,1,0,concern,negative,analyzed,approved,synthetic_demo,,1,10,1,demo-simulated-v1,demo-coastal-observation-v1,demo-evidence-separated-v1,approximate_device_location,3,unusual_water,concern,negative
8bf14c0d-dbce-5e87-927b-9581c75e32e1,1,C01-S31,repeated_concern_quality_approved,Oriental Bay,2026-07-29T08:30:00+00:00,2026-07-29T08:15:00+00:00,swimming,registered,e3950d66-1509-5ba9-b729-51dbd92f53ad,0,DEMO / SYNTHETIC C01-S31: Fictional swimming experience. I noticed discarded fishing line near the rocks and want the community to keep an eye on this area. This event never occurred.,other,0,0,0,0,0,1,concern,negative,analyzed,approved,synthetic_demo,,1,10,1,demo-simulated-v1,demo-coastal-observation-v1,demo-evidence-separated-v1,approximate_device_location,3,other,concern,negative
82e9c213-77f9-562b-bfcd-df2fb38c46a6,1,C01-S38,positive_coastal_experience,Oriental Bay,2026-08-05T08:37:00+00:00,2026-08-05T08:22:00+00:00,recreational_fishing,registered,129effb0-d7c8-5883-86c1-50b92a0db966,0,DEMO / SYNTHETIC C01-S38: Fictional recreational fishing experience. I enjoyed my time by the water. It looked clear to me and I felt refreshed. This personal impression does not establish water safety. This event never occurred.,,0,0,0,0,0,0,moment,positive,analyzed,approved,synthetic_demo,,0,10,1,demo-simulated-v1,demo-coastal-observation-v1,demo-evidence-separated-v1,approximate_device_location,0,,moment,positive
96423ad9-bebf-5b5c-9f4a-6fa83c1c58a0,1,C01-S02,repeated_concern_quality_approved,Oriental Bay,2026-08-07T08:01:00+00:00,2026-08-07T07:46:00+00:00,recreational_fishing,registered,4aaa5d11-46b7-5dfe-9b3f-8a32d40571b7,0,DEMO / SYNTHETIC C01-S02: Fictional recreational fishing experience. I noticed several wrappers and bottles near the shoreline after my visit. This event never occurred.,litter,1,0,0,0,0,0,concern,negative,analyzed,approved,synthetic_demo,,0,10,1,demo-simulated-v1,demo-coastal-observation-v1,demo-evidence-separated-v1,approximate_device_location,3,litter,concern,negative
fcbd832d-1223-5e09-8877-f610b0199671,1,C01-S08,repeated_concern_quality_approved,Oriental Bay,2026-08-07T08:07:00+00:00,2026-08-07T07:52:00+00:00,recreational_fishing,registered,129effb0-d7c8-5883-86c1-50b92a0db966,0,"DEMO / SYNTHETIC C01-S08: Fictional recreational fishing experience. I noticed an unusual coloured patch near the harbour. I wondered about industrial discharge, but do not know its source. This event never occurred.",suspected_industrial,0,1,0,0,0,0,concern,negative,analyzed,approved,synthetic_demo,,0,10,1,demo-simulated-v1,demo-coastal-observation-v1,demo-evidence-separated-v1,approximate_device_location,3,suspected_industrial,concern,negative
f0ac81f5-08f6-5ffb-a273-7a6aab0f3349,1,C01-S14,repeated_concern_quality_approved,Oriental Bay,2026-08-07T08:13:00+00:00,2026-08-07T07:58:00+00:00,recreational_fishing,registered,1ee99103-0960-5c68-a12d-771c2b52021a,0,"DEMO / SYNTHETIC C01-S14: Fictional recreational fishing experience. I noticed a rainbow-like sheen while boating. I wondered about fuel, but cannot identify the substance. This event never occurred.",oil_or_fuel,0,0,1,0,0,0,concern,negative,analyzed,approved,synthetic_demo,,0,10,1,demo-simulated-v1,demo-coastal-observation-v1,demo-evidence-separated-v1,approximate_device_location,3,oil_or_fuel,concern,negative
bce537c3-5b93-5ce5-beed-ff66f4ebb79c,1,C01-S20,repeated_concern_quality_approved,Oriental Bay,2026-08-08T08:19:00+00:00,2026-08-08T08:04:00+00:00,recreational_fishing,registered,58050f5f-bb57-5188-bea6-50029269ffc6,0,"DEMO / SYNTHETIC C01-S20: Fictional recreational fishing experience. I noticed a strong odour near an outfall. I wondered about wastewater, but this is an unverified impression. This event never occurred.",suspected_wastewater,0,0,0,1,0,0,concern,negative,analyzed,approved,synthetic_demo,,0,10,1,demo-simulated-v1,demo-coastal-observation-v1,demo-evidence-separated-v1,approximate_device_location,3,suspected_wastewater,concern,negative
0f35266a-4ca4-538e-988b-31b3cd80f101,1,C01-S26,repeated_concern_quality_approved,Oriental Bay,2026-08-08T08:25:00+00:00,2026-08-08T08:10:00+00:00,recreational_fishing,registered,08444fce-f59d-5cfa-bff1-363fa8ea6e1e,0,"DEMO / SYNTHETIC C01-S26: Fictional recreational fishing experience. The water looked unusually cloudy to me today. I do not know whether weather, sediment or another cause explains it. This event never occurred.",unusual_water,0,0,0,0,1,0,concern,negative,analyzed,approved,synthetic_demo,,0,10,1,demo-simulated-v1,demo-coastal-observation-v1,demo-evidence-separated-v1,approximate_device_location,3,unusual_water,concern,negative
5ef88834-5749-5210-b260-66c4d5169cc2,1,C01-S32,repeated_concern_quality_approved,Oriental Bay,2026-08-08T08:31:00+00:00,2026-08-08T08:16:00+00:00,recreational_fishing,registered,4aaa5d11-46b7-5dfe-9b3f-8a32d40571b7,0,DEMO / SYNTHETIC C01-S32: Fictional recreational fishing experience. I noticed discarded fishing line near the rocks and want the community to keep an eye on this area. This event never occurred.,other,0,0,0,0,0,1,concern,negative,analyzed,approved,synthetic_demo,,0,10,1,demo-simulated-v1,demo-coastal-observation-v1,demo-evidence-separated-v1,approximate_device_location,3,other,concern,negative
5dc88ab6-913e-558d-a501-c5362638af01,1,C01-S39,positive_coastal_experience,Oriental Bay,2026-08-13T08:38:00+00:00,2026-08-13T08:23:00+00:00,paddling,guest,,1,DEMO / SYNTHETIC C01-S39: Fictional paddling experience. I enjoyed my time by the water. It looked clear to me and I felt refreshed. This personal impression does not establish water safety. This event never occurred.,,0,0,0,0,0,0,moment,positive,analyzed,approved,synthetic_demo,,1,0,1,demo-simulated-v1,demo-coastal-observation-v1,demo-evidence-separated-v1,approximate_device_location,0,,moment,positive
2d068cb5-9b43-59d9-9ad5-b259ff2c788d,1,C01-S03,repeated_concern_quality_approved,Oriental Bay,2026-08-18T08:02:00+00:00,2026-08-18T07:47:00+00:00,paddling,registered,bbea72fb-75e2-5380-b430-d2cff3d49daa,0,DEMO / SYNTHETIC C01-S03: Fictional paddling experience. I noticed several wrappers and bottles near the shoreline after my visit. This event never occurred.,litter,1,0,0,0,0,0,concern,negative,analyzed,approved,synthetic_demo,,1,10,1,demo-simulated-v1,demo-coastal-observation-v1,demo-evidence-separated-v1,approximate_device_location,3,litter,concern,negative
5a41ea75-e0b2-581a-bc35-5fd10e4ff457,1,C01-S09,repeated_concern_quality_approved,Oriental Bay,2026-08-18T08:08:00+00:00,2026-08-18T07:53:00+00:00,paddling,registered,7f751526-1ed8-5b0d-915b-826d247348f8,0,"DEMO / SYNTHETIC C01-S09: Fictional paddling experience. I noticed an unusual coloured patch near the harbour. I wondered about industrial discharge, but do not know its source. This event never occurred.",suspected_industrial,0,1,0,0,0,0,concern,negative,analyzed,approved,synthetic_demo,,1,10,1,demo-simulated-v1,demo-coastal-observation-v1,demo-evidence-separated-v1,approximate_device_location,3,suspected_industrial,concern,negative
577acafa-0f44-5165-9870-556d1fc8b839,1,C01-S15,repeated_concern_quality_approved,Oriental Bay,2026-08-18T08:14:00+00:00,2026-08-18T07:59:00+00:00,paddling,registered,f5692cd2-f066-5e1a-9bd3-297471a57d84,0,"DEMO / SYNTHETIC C01-S15: Fictional paddling experience. I noticed a rainbow-like sheen while boating. I wondered about fuel, but cannot identify the substance. This event never occurred.",oil_or_fuel,0,0,1,0,0,0,concern,negative,analyzed,approved,synthetic_demo,,1,10,1,demo-simulated-v1,demo-coastal-observation-v1,demo-evidence-separated-v1,approximate_device_location,3,oil_or_fuel,concern,negative
6fa51b6b-a307-588f-8e11-06b12c863118,1,C01-S21,repeated_concern_quality_approved,Oriental Bay,2026-08-19T08:20:00+00:00,2026-08-19T08:05:00+00:00,paddling,registered,0a76cb31-c62e-56dc-83e8-0491881e3624,0,"DEMO / SYNTHETIC C01-S21: Fictional paddling experience. I noticed a strong odour near an outfall. I wondered about wastewater, but this is an unverified impression. This event never occurred.",suspected_wastewater,0,0,0,1,0,0,concern,negative,analyzed,approved,synthetic_demo,,1,10,1,demo-simulated-v1,demo-coastal-observation-v1,demo-evidence-separated-v1,approximate_device_location,3,suspected_wastewater,concern,negative
52e9b783-17d2-594b-bfe4-d8bb6e9f23de,1,C01-S27,repeated_concern_quality_approved,Oriental Bay,2026-08-19T08:26:00+00:00,2026-08-19T08:11:00+00:00,paddling,registered,101493fe-8ba4-516d-b693-ae459d3b75f9,0,"DEMO / SYNTHETIC C01-S27: Fictional paddling experience. The water looked unusually cloudy to me today. I do not know whether weather, sediment or another cause explains it. This event never occurred.",unusual_water,0,0,0,0,1,0,concern,negative,analyzed,approved,synthetic_demo,,1,10,1,demo-simulated-v1,demo-coastal-observation-v1,demo-evidence-separated-v1,approximate_device_location,3,unusual_water,concern,negative
dc95cb79-afa0-5b89-8d1b-3f6b0e36ecbc,1,C01-S33,repeated_concern_quality_approved,Oriental Bay,2026-08-19T08:32:00+00:00,2026-08-19T08:17:00+00:00,paddling,registered,bbea72fb-75e2-5380-b430-d2cff3d49daa,0,DEMO / SYNTHETIC C01-S33: Fictional paddling experience. I noticed discarded fishing line near the rocks and want the community to keep an eye on this area. This event never occurred.,other,0,0,0,0,0,1,concern,negative,analyzed,approved,synthetic_demo,,1,10,1,demo-simulated-v1,demo-coastal-observation-v1,demo-evidence-separated-v1,approximate_device_location,3,other,concern,negative
0f71c82d-383b-5d24-b530-2dd727395172,1,C01-S40,positive_coastal_experience,Oriental Bay,2026-08-21T08:39:00+00:00,2026-08-21T08:24:00+00:00,boating,registered,e9140487-dcfb-55b8-8153-baa650b713b9,0,DEMO / SYNTHETIC C01-S40: Fictional boating experience. I enjoyed my time by the water. It looked clear to me and I felt refreshed. This personal impression does not establish water safety. This event never occurred.,,0,0,0,0,0,0,moment,positive,analyzed,approved,synthetic_demo,,1,10,1,demo-simulated-v1,demo-coastal-observation-v1,demo-evidence-separated-v1,approximate_device_location,0,,moment,positive
fab81689-06ca-5fa8-97ca-f303051491e1,1,C01-S41,positive_coastal_experience,Oriental Bay,2026-08-29T08:40:00+00:00,2026-08-29T08:25:00+00:00,commercial_fishing,registered,377eb2d4-b99c-55df-bce1-5b50fca3e937,0,DEMO / SYNTHETIC C01-S41: Fictional commercial fishing experience. I enjoyed my time by the water. It looked clear to me and I felt refreshed. This personal impression does not establish water safety. This event never occurred.,,0,0,0,0,0,0,moment,positive,analyzed,pending,synthetic_demo,,0,0,1,demo-simulated-v1,demo-coastal-observation-v1,demo-evidence-separated-v1,approximate_device_location,0,,moment,positive
228bc33d-aeb0-5810-b6ab-41562b789e63,1,C01-S04,concern_followup,Oriental Bay,2026-08-31T08:03:00+00:00,2026-08-31T07:48:00+00:00,boating,guest,,1,DEMO / SYNTHETIC C01-S04: Fictional boating experience. I noticed several wrappers and bottles near the shoreline after my visit. This event never occurred.,litter,1,0,0,0,0,0,concern,negative,analyzed,pending,synthetic_demo,,1,0,1,demo-simulated-v1,demo-coastal-observation-v1,demo-evidence-separated-v1,approximate_device_location,3,litter,concern,negative
2977f0b4-f521-5a55-b2ab-0e10b839341d,1,C01-S10,concern_followup,Oriental Bay,2026-08-31T08:09:00+00:00,2026-08-31T07:54:00+00:00,boating,guest,,1,"DEMO / SYNTHETIC C01-S10: Fictional boating experience. I noticed an unusual coloured patch near the harbour. I wondered about industrial discharge, but do not know its source. This event never occurred.",suspected_industrial,0,1,0,0,0,0,concern,negative,analyzed,pending,synthetic_demo,,1,0,1,demo-simulated-v1,demo-coastal-observation-v1,demo-evidence-separated-v1,approximate_device_location,3,suspected_industrial,concern,negative
a4798a90-304e-5146-ae61-5c65f41a2043,1,C01-S16,concern_followup,Oriental Bay,2026-08-31T08:15:00+00:00,2026-08-31T08:00:00+00:00,boating,guest,,1,"DEMO / SYNTHETIC C01-S16: Fictional boating experience. I noticed a rainbow-like sheen while boating. I wondered about fuel, but cannot identify the substance. This event never occurred.",oil_or_fuel,0,0,1,0,0,0,concern,negative,analyzed,pending,synthetic_demo,,1,0,1,demo-simulated-v1,demo-coastal-observation-v1,demo-evidence-separated-v1,approximate_device_location,3,oil_or_fuel,concern,negative
110c0bff-52bf-5618-8646-b138a2a94b2e,1,C01-S22,concern_followup,Oriental Bay,2026-09-01T08:21:00+00:00,2026-09-01T08:06:00+00:00,boating,guest,,1,"DEMO / SYNTHETIC C01-S22: Fictional boating experience. I noticed a strong odour near an outfall. I wondered about wastewater, but this is an unverified impression. This event never occurred.",suspected_wastewater,0,0,0,1,0,0,concern,negative,analyzed,pending,synthetic_demo,,1,0,1,demo-simulated-v1,demo-coastal-observation-v1,demo-evidence-separated-v1,approximate_device_location,3,suspected_wastewater,concern,negative
8f18cb84-9b5d-5d39-865d-6d725f9db563,1,C01-S28,concern_followup,Oriental Bay,2026-09-01T08:27:00+00:00,2026-09-01T08:12:00+00:00,boating,guest,,1,"DEMO / SYNTHETIC C01-S28: Fictional boating experience. The water looked unusually cloudy to me today. I do not know whether weather, sediment or another cause explains it. This event never occurred.",unusual_water,0,0,0,0,1,0,concern,negative,analyzed,pending,synthetic_demo,,1,0,1,demo-simulated-v1,demo-coastal-observation-v1,demo-evidence-separated-v1,approximate_device_location,3,unusual_water,concern,negative
c708dbed-0a1a-5e41-a09e-442671117094,1,C01-S34,concern_followup,Oriental Bay,2026-09-01T08:33:00+00:00,2026-09-01T08:18:00+00:00,boating,guest,,1,DEMO / SYNTHETIC C01-S34: Fictional boating experience. I noticed discarded fishing line near the rocks and want the community to keep an eye on this area. This event never occurred.,other,0,0,0,0,0,1,concern,negative,analyzed,pending,community_location_only;synthetic_demo,,1,0,1,demo-simulated-v1,demo-coastal-observation-v1,demo-evidence-separated-v1,community_only,3,other,concern,negative
33ba9f61-8669-5aa1-8f85-4d780bcb736f,1,C01-S42,positive_coastal_experience,Oriental Bay,2026-09-06T08:41:00+00:00,2026-09-06T08:26:00+00:00,conservation,guest,,1,DEMO / SYNTHETIC C01-S42: Fictional conservation experience. I enjoyed my time by the water. It looked clear to me and I felt refreshed. This personal impression does not establish water safety. This event never occurred.,,,,,,,,,,pending,pending,synthetic_demo,,1,0,0,demo-simulated-v1,demo-coastal-observation-v1,demo-evidence-separated-v1,approximate_device_location,0,,moment,positive
d40e7f6c-e496-5a01-926b-104cc99aaf0d,1,C01-S05,analysis_pending,Oriental Bay,2026-09-12T08:04:00+00:00,2026-09-12T07:49:00+00:00,commercial_fishing,registered,0dc6578d-60e0-5d68-9036-22ab507ffd76,0,DEMO / SYNTHETIC C01-S05: Fictional commercial fishing experience. I noticed several wrappers and bottles near the shoreline after my visit. This event never occurred.,,,,,,,,,,pending,pending,synthetic_demo,,0,0,0,demo-simulated-v1,demo-coastal-observation-v1,demo-evidence-separated-v1,approximate_device_location,0,litter,concern,negative
74259c7e-59ce-5940-bfb6-b50a23953dbe,1,C01-S11,analysis_failure,Oriental Bay,2026-09-12T08:10:00+00:00,2026-09-12T07:55:00+00:00,commercial_fishing,registered,377eb2d4-b99c-55df-bce1-5b50fca3e937,0,"DEMO / SYNTHETIC C01-S11: Fictional commercial fishing experience. I noticed an unusual coloured patch near the harbour. I wondered about industrial discharge, but do not know its source. This event never occurred.",,,,,,,,,,failed,pending,synthetic_demo,,0,0,0,demo-simulated-v1,demo-coastal-observation-v1,demo-evidence-separated-v1,approximate_device_location,0,suspected_industrial,concern,negative
4341f46a-c6bf-560f-96d4-7671df654d50,1,C01-S17,analysis_pending,Oriental Bay,2026-09-12T08:16:00+00:00,2026-09-12T08:01:00+00:00,commercial_fishing,registered,dcb970c4-c852-59a4-94a8-72656a0f0119,0,"DEMO / SYNTHETIC C01-S17: Fictional commercial fishing experience. I noticed a rainbow-like sheen while boating. I wondered about fuel, but cannot identify the substance. This event never occurred.",,,,,,,,,,pending,pending,synthetic_demo,,0,0,0,demo-simulated-v1,demo-coastal-observation-v1,demo-evidence-separated-v1,approximate_device_location,0,oil_or_fuel,concern,negative
237fbfb9-4b3c-5e63-81cb-d4bf329993b5,1,C01-S23,analysis_failure,Oriental Bay,2026-09-13T08:22:00+00:00,2026-09-13T08:07:00+00:00,commercial_fishing,registered,ca6de5e3-5868-530f-a672-4261f79e403a,0,"DEMO / SYNTHETIC C01-S23: Fictional commercial fishing experience. I noticed a strong odour near an outfall. I wondered about wastewater, but this is an unverified impression. This event never occurred.",,,,,,,,,,failed,pending,community_location_only;synthetic_demo,,0,0,0,demo-simulated-v1,demo-coastal-observation-v1,demo-evidence-separated-v1,community_only,0,suspected_wastewater,concern,negative
4da64a78-d9f5-5e55-810a-352f8bc98519,1,C01-S29,analysis_pending,Oriental Bay,2026-09-13T08:28:00+00:00,2026-09-13T08:13:00+00:00,commercial_fishing,registered,518bbc96-6fae-57ce-88b8-88b51b6b131c,0,"DEMO / SYNTHETIC C01-S29: Fictional commercial fishing experience. The water looked unusually cloudy to me today. I do not know whether weather, sediment or another cause explains it. This event never occurred.",,,,,,,,,,pending,pending,synthetic_demo,,0,0,0,demo-simulated-v1,demo-coastal-observation-v1,demo-evidence-separated-v1,approximate_device_location,0,unusual_water,concern,negative
513147e1-3352-5369-b9f8-a022bb84a101,1,C01-S35,analysis_failure,Oriental Bay,2026-09-13T08:34:00+00:00,2026-09-13T08:19:00+00:00,commercial_fishing,registered,0dc6578d-60e0-5d68-9036-22ab507ffd76,0,DEMO / SYNTHETIC C01-S35: Fictional commercial fishing experience. I noticed discarded fishing line near the rocks and want the community to keep an eye on this area. This event never occurred.,,,,,,,,,,failed,pending,synthetic_demo,,0,0,0,demo-simulated-v1,demo-coastal-observation-v1,demo-evidence-separated-v1,approximate_device_location,0,other,concern,negative
5b80282f-61d1-5aac-804c-6c8b1e4ed80c,1,C01-S43,positive_coastal_experience,Oriental Bay,2026-09-14T08:42:00+00:00,2026-09-14T08:27:00+00:00,swimming,registered,21e8c742-530e-5305-9cc8-dc406a382538,0,DEMO / SYNTHETIC C01-S43: Fictional swimming experience. I enjoyed my time by the water. It looked clear to me and I felt refreshed. This personal impression does not establish water safety. This event never occurred.,,,,,,,,,,failed,pending,synthetic_demo,,1,0,0,demo-simulated-v1,demo-coastal-observation-v1,demo-evidence-separated-v1,approximate_device_location,0,,moment,positive
5cea903a-288b-5336-9a02-e0ebf543fd13,1,C01-S44,positive_coastal_experience,Oriental Bay,2026-09-22T08:43:00+00:00,2026-09-22T08:28:00+00:00,recreational_fishing,guest,,1,DEMO / SYNTHETIC C01-S44: Fictional recreational fishing experience. I enjoyed my time by the water. It looked clear to me and I felt refreshed. This personal impression does not establish water safety. This event never occurred.,,0,0,0,0,0,0,moment,positive,analyzed,approved,synthetic_demo,,0,0,1,demo-simulated-v1,demo-coastal-observation-v1,demo-evidence-separated-v1,approximate_device_location,0,,moment,positive
d42e0a41-6882-55a9-ba27-6283d3ff370b,1,C01-S45,uncertain_low_resolution,Oriental Bay,2026-09-22T08:44:00+00:00,2026-09-22T08:29:00+00:00,paddling,registered,f5692cd2-f066-5e1a-9bd3-297471a57d84,0,"DEMO / SYNTHETIC C01-S45: Fictional paddling experience. I could not tell what the patch in the water was. I am sharing an uncertain observation for follow-up, without claiming pollution. This event never occurred.",,0,0,0,0,0,0,uncertain,neutral,analyzed,rejected,low_resolution;community_location_only;synthetic_demo,,1,0,1,demo-simulated-v1,demo-coastal-observation-v1,demo-evidence-separated-v1,community_only,0,,uncertain,neutral
13588db9-6be4-5879-aeca-32945c3944e4,1,C01-S06,duplicate_photo,Oriental Bay,2026-09-23T08:05:00+00:00,2026-09-23T07:50:00+00:00,conservation,registered,1f8d6f9b-b4b3-5bae-a6c7-56c288a6f0e6,0,DEMO / SYNTHETIC C01-S06: Fictional conservation experience. I noticed several wrappers and bottles near the shoreline after my visit. This event never occurred.,,,,,,,,,,duplicate,pending,synthetic_demo;duplicate_photo,afc2d36d-66ae-53d4-871f-d912977c2f9b,1,0,0,demo-simulated-v1,demo-coastal-observation-v1,demo-evidence-separated-v1,approximate_device_location,0,litter,concern,negative
d425b819-e6a5-5de9-bfbc-9e4a3c9f9fd2,1,C01-S12,low_resolution,Oriental Bay,2026-09-23T08:11:00+00:00,2026-09-23T07:56:00+00:00,conservation,registered,0a4cfedb-9e7f-5416-a936-b064bb3d89a9,0,"DEMO / SYNTHETIC C01-S12: Fictional conservation experience. I noticed an unusual coloured patch near the harbour. I wondered about industrial discharge, but do not know its source. This event never occurred.",suspected_industrial,0,1,0,0,0,0,concern,negative,analyzed,rejected,low_resolution;community_location_only;synthetic_demo,,1,0,1,demo-simulated-v1,demo-coastal-observation-v1,demo-evidence-separated-v1,community_only,0,suspected_industrial,concern,negative
d17f5923-e54e-57c7-bc98-c4d0e6e69de0,1,C01-S18,imprecise_gps,Oriental Bay,2026-09-23T08:17:00+00:00,2026-09-23T08:02:00+00:00,conservation,registered,9e2d99d0-0030-544a-b45c-12bd8d0f5931,0,"DEMO / SYNTHETIC C01-S18: Fictional conservation experience. I noticed a rainbow-like sheen while boating. I wondered about fuel, but cannot identify the substance. This event never occurred.",oil_or_fuel,0,0,1,0,0,0,concern,negative,analyzed,rejected,imprecise_gps;synthetic_demo,,1,0,1,demo-simulated-v1,demo-coastal-observation-v1,demo-evidence-separated-v1,imprecise_device_location,0,oil_or_fuel,concern,negative
696f7c35-ad5f-5201-bacd-5531ce9c1b93,1,C01-S46,uncertain_imprecise_gps,Oriental Bay,2026-09-23T08:45:00+00:00,2026-09-23T08:30:00+00:00,boating,registered,08550ffe-4ae9-5749-b305-552daae7b7d6,0,"DEMO / SYNTHETIC C01-S46: Fictional boating experience. I could not tell what the patch in the water was. I am sharing an uncertain observation for follow-up, without claiming pollution. This event never occurred.",,0,0,0,0,0,0,uncertain,unknown,analyzed,pending,imprecise_gps;synthetic_demo,,1,0,1,demo-simulated-v1,demo-coastal-observation-v1,demo-evidence-separated-v1,imprecise_device_location,0,,uncertain,unknown
157ef0e4-ac6b-5530-b0a0-f3ee9eceaff2,1,C01-S24,text_image_conflict,Oriental Bay,2026-09-24T08:23:00+00:00,2026-09-24T08:08:00+00:00,conservation,registered,ee52b4fe-eae5-52d2-b300-1e2915f36d83,0,"DEMO / SYNTHETIC C01-S24: Fictional conservation experience. I noticed a strong odour near an outfall. I wondered about wastewater, but this is an unverified impression. This event never occurred.",suspected_wastewater,0,0,0,1,0,0,concern,negative,analyzed,rejected,synthetic_demo,,1,0,1,demo-simulated-v1,demo-coastal-observation-v1,demo-evidence-separated-v1,approximate_device_location,0,suspected_wastewater,concern,negative
f8d516ed-5257-5af3-84ff-0990fba4beb4,1,C01-S30,analysis_failure,Oriental Bay,2026-09-24T08:29:00+00:00,2026-09-24T08:14:00+00:00,conservation,registered,a373ccb2-3496-59ee-8c1a-4673629916b8,0,"DEMO / SYNTHETIC C01-S30: Fictional conservation experience. The water looked unusually cloudy to me today. I do not know whether weather, sediment or another cause explains it. This event never occurred.",,,,,,,,,,failed,pending,synthetic_demo,,1,0,0,demo-simulated-v1,demo-coastal-observation-v1,demo-evidence-separated-v1,approximate_device_location,0,unusual_water,concern,negative
7ecb224e-e5ca-5d9d-af91-033db7195c96,1,C01-S36,missing_photo_date,Oriental Bay,2026-09-24T08:35:00+00:00,,conservation,registered,1f8d6f9b-b4b3-5bae-a6c7-56c288a6f0e6,0,DEMO / SYNTHETIC C01-S36: Fictional conservation experience. I noticed discarded fishing line near the rocks and want the community to keep an eye on this area. This event never occurred.,other,0,0,0,0,0,1,concern,negative,analyzed,pending,missing_photo_date;synthetic_demo,,1,0,1,demo-simulated-v1,demo-coastal-observation-v1,demo-evidence-separated-v1,approximate_device_location,0,other,concern,negative
13153443-ce5d-5657-a48a-26b4aa883c39,1,C01-S47,uncertain_text_image_conflict,Oriental Bay,2026-09-24T08:46:00+00:00,2026-09-24T08:31:00+00:00,commercial_fishing,registered,dcb970c4-c852-59a4-94a8-72656a0f0119,0,"DEMO / SYNTHETIC C01-S47: Fictional commercial fishing experience. I could not tell what the patch in the water was. I am sharing an uncertain observation for follow-up, without claiming pollution. This event never occurred.",,0,0,0,0,0,0,uncertain,neutral,analyzed,rejected,synthetic_demo,,0,0,1,demo-simulated-v1,demo-coastal-observation-v1,demo-evidence-separated-v1,approximate_device_location,0,,uncertain,neutral
884ca457-7ea3-59e2-9dcc-1eaf9eff1217,1,C01-S48,uncertain_missing_photo_date,Oriental Bay,2026-09-25T08:47:00+00:00,,conservation,guest,,1,"DEMO / SYNTHETIC C01-S48: Fictional conservation experience. I could not tell what the patch in the water was. I am sharing an uncertain observation for follow-up, without claiming pollution. This event never occurred.",,0,0,0,0,0,0,uncertain,unknown,analyzed,pending,missing_photo_date;synthetic_demo,,1,0,1,demo-simulated-v1,demo-coastal-observation-v1,demo-evidence-separated-v1,approximate_device_location,0,,uncertain,unknown
d973112c-db11-5807-bde6-1e77a0eb924b,1,C05-S01,repeated_concern_quality_approved,Petone Beach,2026-07-28T08:40:00+00:00,2026-07-28T08:25:00+00:00,commercial_fishing,registered,518bbc96-6fae-57ce-88b8-88b51b6b131c,0,DEMO / SYNTHETIC C05-S01: Fictional commercial fishing experience. I noticed several wrappers and bottles near the shoreline after my visit. This event never occurred.,litter,1,0,0,0,0,0,concern,negative,analyzed,approved,community_location_only;synthetic_demo,,1,10,1,demo-simulated-v1,demo-coastal-observation-v1,demo-evidence-separated-v1,community_only,3,litter,concern,negative
fc19e0bc-99e2-5dd0-b87d-2f10c1c4dd73,1,C05-S07,repeated_concern_quality_approved,Petone Beach,2026-07-28T08:46:00+00:00,2026-07-28T08:31:00+00:00,commercial_fishing,registered,0dc6578d-60e0-5d68-9036-22ab507ffd76,0,"DEMO / SYNTHETIC C05-S07: Fictional commercial fishing experience. I noticed an unusual coloured patch near the harbour. I wondered about industrial discharge, but do not know its source. This event never occurred.",suspected_industrial,0,1,0,0,0,0,concern,negative,analyzed,approved,synthetic_demo,,1,10,1,demo-simulated-v1,demo-coastal-observation-v1,demo-evidence-separated-v1,approximate_device_location,3,suspected_industrial,concern,negative
b1d7d9ea-a872-5687-9261-1abd1f21cc27,1,C05-S13,repeated_concern_quality_approved,Petone Beach,2026-07-28T08:52:00+00:00,2026-07-28T08:37:00+00:00,commercial_fishing,registered,377eb2d4-b99c-55df-bce1-5b50fca3e937,0,"DEMO / SYNTHETIC C05-S13: Fictional commercial fishing experience. I noticed a rainbow-like sheen while boating. I wondered about fuel, but cannot identify the substance. This event never occurred.",oil_or_fuel,0,0,1,0,0,0,concern,negative,analyzed,approved,synthetic_demo,,1,10,1,demo-simulated-v1,demo-coastal-observation-v1,demo-evidence-separated-v1,approximate_device_location,3,oil_or_fuel,concern,negative
b467fc2b-119b-5737-afa6-4a2310fe5860,1,C05-S37,positive_coastal_experience,Petone Beach,2026-07-28T09:16:00+00:00,2026-07-28T09:01:00+00:00,commercial_fishing,registered,0dc6578d-60e0-5d68-9036-22ab507ffd76,0,DEMO / SYNTHETIC C05-S37: Fictional commercial fishing experience. I enjoyed my time by the water. It looked clear to me and I felt refreshed. This personal impression does not establish water safety. This event never occurred.,,0,0,0,0,0,0,moment,positive,analyzed,approved,synthetic_demo,,1,10,1,demo-simulated-v1,demo-coastal-observation-v1,demo-evidence-separated-v1,approximate_device_location,0,,moment,positive
75b0f911-c87c-5492-b709-1f6f4cb81fef,1,C05-S19,repeated_concern_quality_approved,Petone Beach,2026-07-29T08:58:00+00:00,2026-07-29T08:43:00+00:00,commercial_fishing,registered,dcb970c4-c852-59a4-94a8-72656a0f0119,0,"DEMO / SYNTHETIC C05-S19: Fictional commercial fishing experience. I noticed a strong odour near an outfall. I wondered about wastewater, but this is an unverified impression. This event never occurred.",suspected_wastewater,0,0,0,1,0,0,concern,negative,analyzed,approved,synthetic_demo,,1,10,1,demo-simulated-v1,demo-coastal-observation-v1,demo-evidence-separated-v1,approximate_device_location,3,suspected_wastewater,concern,negative
01ef2e6d-0ba7-5dfb-9070-f61fcdbbedd4,1,C05-S25,repeated_concern_quality_approved,Petone Beach,2026-07-29T09:04:00+00:00,2026-07-29T08:49:00+00:00,commercial_fishing,registered,ca6de5e3-5868-530f-a672-4261f79e403a,0,"DEMO / SYNTHETIC C05-S25: Fictional commercial fishing experience. The water looked unusually cloudy to me today. I do not know whether weather, sediment or another cause explains it. This event never occurred.",unusual_water,0,0,0,0,1,0,concern,negative,analyzed,approved,synthetic_demo,,1,10,1,demo-simulated-v1,demo-coastal-observation-v1,demo-evidence-separated-v1,approximate_device_location,3,unusual_water,concern,negative
a63f1904-41f2-5abe-b1c2-144053149620,1,C05-S31,repeated_concern_quality_approved,Petone Beach,2026-07-29T09:10:00+00:00,2026-07-29T08:55:00+00:00,commercial_fishing,registered,518bbc96-6fae-57ce-88b8-88b51b6b131c,0,DEMO / SYNTHETIC C05-S31: Fictional commercial fishing experience. I noticed discarded fishing line near the rocks and want the community to keep an eye on this area. This event never occurred.,other,0,0,0,0,0,1,concern,negative,analyzed,approved,synthetic_demo,,1,10,1,demo-simulated-v1,demo-coastal-observation-v1,demo-evidence-separated-v1,approximate_device_location,3,other,concern,negative
b3f4b1b6-4b90-5f35-9f5b-791bac345338,1,C05-S38,positive_coastal_experience,Petone Beach,2026-08-05T09:17:00+00:00,2026-08-05T09:02:00+00:00,conservation,registered,1f8d6f9b-b4b3-5bae-a6c7-56c288a6f0e6,0,DEMO / SYNTHETIC C05-S38: Fictional conservation experience. I enjoyed my time by the water. It looked clear to me and I felt refreshed. This personal impression does not establish water safety. This event never occurred.,,0,0,0,0,0,0,moment,positive,analyzed,approved,synthetic_demo,,0,10,1,demo-simulated-v1,demo-coastal-observation-v1,demo-evidence-separated-v1,approximate_device_location,0,,moment,positive
86d0fc46-8fc7-545f-8cb3-38bafc12f12d,1,C05-S02,repeated_concern_quality_approved,Petone Beach,2026-08-07T08:41:00+00:00,2026-08-07T08:26:00+00:00,conservation,registered,a373ccb2-3496-59ee-8c1a-4673629916b8,0,DEMO / SYNTHETIC C05-S02: Fictional conservation experience. I noticed several wrappers and bottles near the shoreline after my visit. This event never occurred.,litter,1,0,0,0,0,0,concern,negative,analyzed,approved,synthetic_demo,,0,10,1,demo-simulated-v1,demo-coastal-observation-v1,demo-evidence-separated-v1,approximate_device_location,3,litter,concern,negative
7ad79dce-c7d7-518c-8312-feea7862570b,1,C05-S08,repeated_concern_quality_approved,Petone Beach,2026-08-07T08:47:00+00:00,2026-08-07T08:32:00+00:00,conservation,registered,1f8d6f9b-b4b3-5bae-a6c7-56c288a6f0e6,0,"DEMO / SYNTHETIC C05-S08: Fictional conservation experience. I noticed an unusual coloured patch near the harbour. I wondered about industrial discharge, but do not know its source. This event never occurred.",suspected_industrial,0,1,0,0,0,0,concern,negative,analyzed,approved,synthetic_demo,,0,10,1,demo-simulated-v1,demo-coastal-observation-v1,demo-evidence-separated-v1,approximate_device_location,3,suspected_industrial,concern,negative
c025a2c7-af46-5c70-ae06-26334e66ce6c,1,C05-S14,repeated_concern_quality_approved,Petone Beach,2026-08-07T08:53:00+00:00,2026-08-07T08:38:00+00:00,conservation,registered,0a4cfedb-9e7f-5416-a936-b064bb3d89a9,0,"DEMO / SYNTHETIC C05-S14: Fictional conservation experience. I noticed a rainbow-like sheen while boating. I wondered about fuel, but cannot identify the substance. This event never occurred.",oil_or_fuel,0,0,1,0,0,0,concern,negative,analyzed,approved,synthetic_demo,,0,10,1,demo-simulated-v1,demo-coastal-observation-v1,demo-evidence-separated-v1,approximate_device_location,3,oil_or_fuel,concern,negative
263c0c25-b23c-500a-9f87-3f2ead776dab,1,C05-S20,repeated_concern_quality_approved,Petone Beach,2026-08-08T08:59:00+00:00,2026-08-08T08:44:00+00:00,conservation,registered,9e2d99d0-0030-544a-b45c-12bd8d0f5931,0,"DEMO / SYNTHETIC C05-S20: Fictional conservation experience. I noticed a strong odour near an outfall. I wondered about wastewater, but this is an unverified impression. This event never occurred.",suspected_wastewater,0,0,0,1,0,0,concern,negative,analyzed,approved,synthetic_demo,,0,10,1,demo-simulated-v1,demo-coastal-observation-v1,demo-evidence-separated-v1,approximate_device_location,3,suspected_wastewater,concern,negative
8a8d1098-388f-5309-985e-c06db9ef4441,1,C05-S26,repeated_concern_quality_approved,Petone Beach,2026-08-08T09:05:00+00:00,2026-08-08T08:50:00+00:00,conservation,registered,ee52b4fe-eae5-52d2-b300-1e2915f36d83,0,"DEMO / SYNTHETIC C05-S26: Fictional conservation experience. The water looked unusually cloudy to me today. I do not know whether weather, sediment or another cause explains it. This event never occurred.",unusual_water,0,0,0,0,1,0,concern,negative,analyzed,approved,synthetic_demo,,0,10,1,demo-simulated-v1,demo-coastal-observation-v1,demo-evidence-separated-v1,approximate_device_location,3,unusual_water,concern,negative
c4744978-eea8-5685-9de3-4b7a7e030bd8,1,C05-S32,repeated_concern_quality_approved,Petone Beach,2026-08-08T09:11:00+00:00,2026-08-08T08:56:00+00:00,conservation,registered,a373ccb2-3496-59ee-8c1a-4673629916b8,0,DEMO / SYNTHETIC C05-S32: Fictional conservation experience. I noticed discarded fishing line near the rocks and want the community to keep an eye on this area. This event never occurred.,other,0,0,0,0,0,1,concern,negative,analyzed,approved,synthetic_demo,,0,10,1,demo-simulated-v1,demo-coastal-observation-v1,demo-evidence-separated-v1,approximate_device_location,3,other,concern,negative
c9983bb4-c545-5232-a800-241ffa9e7a94,1,C05-S39,positive_coastal_experience,Petone Beach,2026-08-13T09:18:00+00:00,2026-08-13T09:03:00+00:00,swimming,guest,,1,DEMO / SYNTHETIC C05-S39: Fictional swimming experience. I enjoyed my time by the water. It looked clear to me and I felt refreshed. This personal impression does not establish water safety. This event never occurred.,,0,0,0,0,0,0,moment,positive,analyzed,approved,synthetic_demo,,1,0,1,demo-simulated-v1,demo-coastal-observation-v1,demo-evidence-separated-v1,approximate_device_location,0,,moment,positive
320ecbf0-9830-5f81-9fcf-dd93f2eaa4e8,1,C05-S03,repeated_concern_quality_approved,Petone Beach,2026-08-18T08:42:00+00:00,2026-08-18T08:27:00+00:00,swimming,registered,e3950d66-1509-5ba9-b729-51dbd92f53ad,0,DEMO / SYNTHETIC C05-S03: Fictional swimming experience. I noticed several wrappers and bottles near the shoreline after my visit. This event never occurred.,litter,1,0,0,0,0,0,concern,negative,analyzed,approved,synthetic_demo,,1,10,1,demo-simulated-v1,demo-coastal-observation-v1,demo-evidence-separated-v1,approximate_device_location,3,litter,concern,negative
3fae0ff8-8fdd-54c6-9881-fe7fb0cc4e3e,1,C05-S09,repeated_concern_quality_approved,Petone Beach,2026-08-18T08:48:00+00:00,2026-08-18T08:33:00+00:00,swimming,registered,0cedf2b3-7ba1-5e0d-9196-7a0700f4daf1,0,"DEMO / SYNTHETIC C05-S09: Fictional swimming experience. I noticed an unusual coloured patch near the harbour. I wondered about industrial discharge, but do not know its source. This event never occurred.",suspected_industrial,0,1,0,0,0,0,concern,negative,analyzed,approved,synthetic_demo,,1,10,1,demo-simulated-v1,demo-coastal-observation-v1,demo-evidence-separated-v1,approximate_device_location,3,suspected_industrial,concern,negative
05882cd6-1513-53c0-a26f-953c552e60b0,1,C05-S15,repeated_concern_quality_approved,Petone Beach,2026-08-18T08:54:00+00:00,2026-08-18T08:39:00+00:00,swimming,registered,21e8c742-530e-5305-9cc8-dc406a382538,0,"DEMO / SYNTHETIC C05-S15: Fictional swimming experience. I noticed a rainbow-like sheen while boating. I wondered about fuel, but cannot identify the substance. This event never occurred.",oil_or_fuel,0,0,1,0,0,0,concern,negative,analyzed,approved,synthetic_demo,,1,10,1,demo-simulated-v1,demo-coastal-observation-v1,demo-evidence-separated-v1,approximate_device_location,3,oil_or_fuel,concern,negative
5ae9cfd0-47e4-5c81-b479-726382540a79,1,C05-S21,repeated_concern_quality_approved,Petone Beach,2026-08-19T09:00:00+00:00,2026-08-19T08:45:00+00:00,swimming,registered,37c92636-4e22-5856-9cae-6914be02d57c,0,"DEMO / SYNTHETIC C05-S21: Fictional swimming experience. I noticed a strong odour near an outfall. I wondered about wastewater, but this is an unverified impression. This event never occurred.",suspected_wastewater,0,0,0,1,0,0,concern,negative,analyzed,approved,synthetic_demo,,1,10,1,demo-simulated-v1,demo-coastal-observation-v1,demo-evidence-separated-v1,approximate_device_location,3,suspected_wastewater,concern,negative
c6d66ef8-fcbe-5b4a-a71f-23ac8b57b6cf,1,C05-S27,repeated_concern_quality_approved,Petone Beach,2026-08-19T09:06:00+00:00,2026-08-19T08:51:00+00:00,swimming,registered,dbede28f-0b84-5665-ac1f-84498d160ec5,0,"DEMO / SYNTHETIC C05-S27: Fictional swimming experience. The water looked unusually cloudy to me today. I do not know whether weather, sediment or another cause explains it. This event never occurred.",unusual_water,0,0,0,0,1,0,concern,negative,analyzed,approved,synthetic_demo,,1,10,1,demo-simulated-v1,demo-coastal-observation-v1,demo-evidence-separated-v1,approximate_device_location,3,unusual_water,concern,negative
c9f49b34-e13d-50ab-971a-a0991ae2a139,1,C05-S33,repeated_concern_quality_approved,Petone Beach,2026-08-19T09:12:00+00:00,2026-08-19T08:57:00+00:00,swimming,registered,e3950d66-1509-5ba9-b729-51dbd92f53ad,0,DEMO / SYNTHETIC C05-S33: Fictional swimming experience. I noticed discarded fishing line near the rocks and want the community to keep an eye on this area. This event never occurred.,other,0,0,0,0,0,1,concern,negative,analyzed,approved,synthetic_demo,,1,10,1,demo-simulated-v1,demo-coastal-observation-v1,demo-evidence-separated-v1,approximate_device_location,3,other,concern,negative
97b3de54-cafa-5129-a039-1f0cdffae90e,1,C05-S40,positive_coastal_experience,Petone Beach,2026-08-21T09:19:00+00:00,2026-08-21T09:04:00+00:00,recreational_fishing,registered,129effb0-d7c8-5883-86c1-50b92a0db966,0,DEMO / SYNTHETIC C05-S40: Fictional recreational fishing experience. I enjoyed my time by the water. It looked clear to me and I felt refreshed. This personal impression does not establish water safety. This event never occurred.,,0,0,0,0,0,0,moment,positive,analyzed,approved,synthetic_demo,,1,10,1,demo-simulated-v1,demo-coastal-observation-v1,demo-evidence-separated-v1,approximate_device_location,0,,moment,positive
8b5e7570-2869-514b-b5d4-87b3f42604af,1,C05-S41,positive_coastal_experience,Petone Beach,2026-08-29T09:20:00+00:00,2026-08-29T09:05:00+00:00,paddling,registered,7f751526-1ed8-5b0d-915b-826d247348f8,0,DEMO / SYNTHETIC C05-S41: Fictional paddling experience. I enjoyed my time by the water. It looked clear to me and I felt refreshed. This personal impression does not establish water safety. This event never occurred.,,0,0,0,0,0,0,moment,positive,analyzed,pending,synthetic_demo,,0,0,1,demo-simulated-v1,demo-coastal-observation-v1,demo-evidence-separated-v1,approximate_device_location,0,,moment,positive
9e9f7e53-9ac2-5a47-b75a-ed94697eb426,1,C05-S04,concern_followup,Petone Beach,2026-08-31T08:43:00+00:00,2026-08-31T08:28:00+00:00,recreational_fishing,guest,,1,DEMO / SYNTHETIC C05-S04: Fictional recreational fishing experience. I noticed several wrappers and bottles near the shoreline after my visit. This event never occurred.,litter,1,0,0,0,0,0,concern,negative,analyzed,pending,synthetic_demo,,1,0,1,demo-simulated-v1,demo-coastal-observation-v1,demo-evidence-separated-v1,approximate_device_location,3,litter,concern,negative
dce24748-585f-5c77-aac9-b9632415bd06,1,C05-S10,concern_followup,Petone Beach,2026-08-31T08:49:00+00:00,2026-08-31T08:34:00+00:00,recreational_fishing,guest,,1,"DEMO / SYNTHETIC C05-S10: Fictional recreational fishing experience. I noticed an unusual coloured patch near the harbour. I wondered about industrial discharge, but do not know its source. This event never occurred.",suspected_industrial,0,1,0,0,0,0,concern,negative,analyzed,pending,synthetic_demo,,1,0,1,demo-simulated-v1,demo-coastal-observation-v1,demo-evidence-separated-v1,approximate_device_location,3,suspected_industrial,concern,negative
782778dc-d852-595c-a88e-154eb251948a,1,C05-S16,concern_followup,Petone Beach,2026-08-31T08:55:00+00:00,2026-08-31T08:40:00+00:00,recreational_fishing,guest,,1,"DEMO / SYNTHETIC C05-S16: Fictional recreational fishing experience. I noticed a rainbow-like sheen while boating. I wondered about fuel, but cannot identify the substance. This event never occurred.",oil_or_fuel,0,0,1,0,0,0,concern,negative,analyzed,pending,synthetic_demo,,1,0,1,demo-simulated-v1,demo-coastal-observation-v1,demo-evidence-separated-v1,approximate_device_location,3,oil_or_fuel,concern,negative
62e30ddf-bca8-500e-9c75-e9f1b15690b6,1,C05-S22,concern_followup,Petone Beach,2026-09-01T09:01:00+00:00,2026-09-01T08:46:00+00:00,recreational_fishing,guest,,1,"DEMO / SYNTHETIC C05-S22: Fictional recreational fishing experience. I noticed a strong odour near an outfall. I wondered about wastewater, but this is an unverified impression. This event never occurred.",suspected_wastewater,0,0,0,1,0,0,concern,negative,analyzed,pending,synthetic_demo,,1,0,1,demo-simulated-v1,demo-coastal-observation-v1,demo-evidence-separated-v1,approximate_device_location,3,suspected_wastewater,concern,negative
6afca7f6-ded9-5557-8e62-662e6911a792,1,C05-S28,concern_followup,Petone Beach,2026-09-01T09:07:00+00:00,2026-09-01T08:52:00+00:00,recreational_fishing,guest,,1,"DEMO / SYNTHETIC C05-S28: Fictional recreational fishing experience. The water looked unusually cloudy to me today. I do not know whether weather, sediment or another cause explains it. This event never occurred.",unusual_water,0,0,0,0,1,0,concern,negative,analyzed,pending,synthetic_demo,,1,0,1,demo-simulated-v1,demo-coastal-observation-v1,demo-evidence-separated-v1,approximate_device_location,3,unusual_water,concern,negative
855e0d59-318c-54da-bdf4-a55f90df2d83,1,C05-S34,concern_followup,Petone Beach,2026-09-01T09:13:00+00:00,2026-09-01T08:58:00+00:00,recreational_fishing,guest,,1,DEMO / SYNTHETIC C05-S34: Fictional recreational fishing experience. I noticed discarded fishing line near the rocks and want the community to keep an eye on this area. This event never occurred.,other,0,0,0,0,0,1,concern,negative,analyzed,pending,community_location_only;synthetic_demo,,1,0,1,demo-simulated-v1,demo-coastal-observation-v1,demo-evidence-separated-v1,community_only,3,other,concern,negative
3649506b-caa6-57e4-8c46-39770dc1421b,1,C05-S42,positive_coastal_experience,Petone Beach,2026-09-06T09:21:00+00:00,2026-09-06T09:06:00+00:00,boating,guest,,1,DEMO / SYNTHETIC C05-S42: Fictional boating experience. I enjoyed my time by the water. It looked clear to me and I felt refreshed. This personal impression does not establish water safety. This event never occurred.,,,,,,,,,,pending,pending,synthetic_demo,,1,0,0,demo-simulated-v1,demo-coastal-observation-v1,demo-evidence-separated-v1,approximate_device_location,0,,moment,positive
5c542d9d-3d2f-555c-a223-03d1022f66a1,1,C05-S05,analysis_pending,Petone Beach,2026-09-12T08:44:00+00:00,2026-09-12T08:29:00+00:00,paddling,registered,bbea72fb-75e2-5380-b430-d2cff3d49daa,0,DEMO / SYNTHETIC C05-S05: Fictional paddling experience. I noticed several wrappers and bottles near the shoreline after my visit. This event never occurred.,,,,,,,,,,pending,pending,synthetic_demo,,0,0,0,demo-simulated-v1,demo-coastal-observation-v1,demo-evidence-separated-v1,approximate_device_location,0,litter,concern,negative
3d1061c0-7515-5997-b028-39bb6fffe4b4,1,C05-S11,analysis_failure,Petone Beach,2026-09-12T08:50:00+00:00,2026-09-12T08:35:00+00:00,paddling,registered,7f751526-1ed8-5b0d-915b-826d247348f8,0,"DEMO / SYNTHETIC C05-S11: Fictional paddling experience. I noticed an unusual coloured patch near the harbour. I wondered about industrial discharge, but do not know its source. This event never occurred.",,,,,,,,,,failed,pending,synthetic_demo,,0,0,0,demo-simulated-v1,demo-coastal-observation-v1,demo-evidence-separated-v1,approximate_device_location,0,suspected_industrial,concern,negative
cbc29bc9-42d5-5e2e-9eb8-acd98c5d517e,1,C05-S17,analysis_pending,Petone Beach,2026-09-12T08:56:00+00:00,2026-09-12T08:41:00+00:00,paddling,registered,f5692cd2-f066-5e1a-9bd3-297471a57d84,0,"DEMO / SYNTHETIC C05-S17: Fictional paddling experience. I noticed a rainbow-like sheen while boating. I wondered about fuel, but cannot identify the substance. This event never occurred.",,,,,,,,,,pending,pending,synthetic_demo,,0,0,0,demo-simulated-v1,demo-coastal-observation-v1,demo-evidence-separated-v1,approximate_device_location,0,oil_or_fuel,concern,negative
6938204a-4055-50ea-988f-498c251ab0ea,1,C05-S23,analysis_failure,Petone Beach,2026-09-13T09:02:00+00:00,2026-09-13T08:47:00+00:00,paddling,registered,0a76cb31-c62e-56dc-83e8-0491881e3624,0,"DEMO / SYNTHETIC C05-S23: Fictional paddling experience. I noticed a strong odour near an outfall. I wondered about wastewater, but this is an unverified impression. This event never occurred.",,,,,,,,,,failed,pending,community_location_only;synthetic_demo,,0,0,0,demo-simulated-v1,demo-coastal-observation-v1,demo-evidence-separated-v1,community_only,0,suspected_wastewater,concern,negative
5e6624a8-26e6-54b3-aa2c-bbc67d187b2e,1,C05-S29,analysis_pending,Petone Beach,2026-09-13T09:08:00+00:00,2026-09-13T08:53:00+00:00,paddling,registered,101493fe-8ba4-516d-b693-ae459d3b75f9,0,"DEMO / SYNTHETIC C05-S29: Fictional paddling experience. The water looked unusually cloudy to me today. I do not know whether weather, sediment or another cause explains it. This event never occurred.",,,,,,,,,,pending,pending,synthetic_demo,,0,0,0,demo-simulated-v1,demo-coastal-observation-v1,demo-evidence-separated-v1,approximate_device_location,0,unusual_water,concern,negative
604bfc7f-e8ac-503e-aa3e-82e2d47bbd7f,1,C05-S35,analysis_failure,Petone Beach,2026-09-13T09:14:00+00:00,2026-09-13T08:59:00+00:00,paddling,registered,bbea72fb-75e2-5380-b430-d2cff3d49daa,0,DEMO / SYNTHETIC C05-S35: Fictional paddling experience. I noticed discarded fishing line near the rocks and want the community to keep an eye on this area. This event never occurred.,,,,,,,,,,failed,pending,synthetic_demo,,0,0,0,demo-simulated-v1,demo-coastal-observation-v1,demo-evidence-separated-v1,approximate_device_location,0,other,concern,negative
8a47fdcc-9dd3-5671-b413-08ea087240b4,1,C05-S43,positive_coastal_experience,Petone Beach,2026-09-14T09:22:00+00:00,2026-09-14T09:07:00+00:00,commercial_fishing,registered,377eb2d4-b99c-55df-bce1-5b50fca3e937,0,DEMO / SYNTHETIC C05-S43: Fictional commercial fishing experience. I enjoyed my time by the water. It looked clear to me and I felt refreshed. This personal impression does not establish water safety. This event never occurred.,,,,,,,,,,failed,pending,synthetic_demo,,1,0,0,demo-simulated-v1,demo-coastal-observation-v1,demo-evidence-separated-v1,approximate_device_location,0,,moment,positive
e2bebc05-e614-52b4-93c8-f087d29a6298,1,C05-S44,positive_coastal_experience,Petone Beach,2026-09-22T09:23:00+00:00,2026-09-22T09:08:00+00:00,conservation,registered,0a4cfedb-9e7f-5416-a936-b064bb3d89a9,0,DEMO / SYNTHETIC C05-S44: Fictional conservation experience. I enjoyed my time by the water. It looked clear to me and I felt refreshed. This personal impression does not establish water safety. This event never occurred.,,0,0,0,0,0,0,moment,positive,analyzed,approved,synthetic_demo,,0,10,1,demo-simulated-v1,demo-coastal-observation-v1,demo-evidence-separated-v1,approximate_device_location,0,,moment,positive
0e253848-17f7-53c1-b58e-af367ede30ab,1,C05-S45,uncertain_low_resolution,Petone Beach,2026-09-22T09:24:00+00:00,2026-09-22T09:09:00+00:00,swimming,registered,21e8c742-530e-5305-9cc8-dc406a382538,0,"DEMO / SYNTHETIC C05-S45: Fictional swimming experience. I could not tell what the patch in the water was. I am sharing an uncertain observation for follow-up, without claiming pollution. This event never occurred.",,0,0,0,0,0,0,uncertain,neutral,analyzed,rejected,low_resolution;community_location_only;synthetic_demo,,1,0,1,demo-simulated-v1,demo-coastal-observation-v1,demo-evidence-separated-v1,community_only,0,,uncertain,neutral
fd400775-a4e2-51fb-8476-95a8d4da1dad,1,C05-S06,duplicate_photo,Petone Beach,2026-09-23T08:45:00+00:00,2026-09-23T08:30:00+00:00,boating,registered,78059473-8c46-53b2-a7c3-66eaa72450d0,0,DEMO / SYNTHETIC C05-S06: Fictional boating experience. I noticed several wrappers and bottles near the shoreline after my visit. This event never occurred.,,,,,,,,,,duplicate,pending,synthetic_demo;duplicate_photo,d973112c-db11-5807-bde6-1e77a0eb924b,1,0,0,demo-simulated-v1,demo-coastal-observation-v1,demo-evidence-separated-v1,approximate_device_location,0,litter,concern,negative
4851c93c-1610-5ca8-bff1-eaa4667e2c7d,1,C05-S12,low_resolution,Petone Beach,2026-09-23T08:51:00+00:00,2026-09-23T08:36:00+00:00,boating,registered,e9140487-dcfb-55b8-8153-baa650b713b9,0,"DEMO / SYNTHETIC C05-S12: Fictional boating experience. I noticed an unusual coloured patch near the harbour. I wondered about industrial discharge, but do not know its source. This event never occurred.",suspected_industrial,0,1,0,0,0,0,concern,negative,analyzed,rejected,low_resolution;community_location_only;synthetic_demo,,1,0,1,demo-simulated-v1,demo-coastal-observation-v1,demo-evidence-separated-v1,community_only,0,suspected_industrial,concern,negative
e423e747-3e42-5abc-abf2-be7325e10437,1,C05-S18,imprecise_gps,Petone Beach,2026-09-23T08:57:00+00:00,2026-09-23T08:42:00+00:00,boating,registered,08550ffe-4ae9-5749-b305-552daae7b7d6,0,"DEMO / SYNTHETIC C05-S18: Fictional boating experience. I noticed a rainbow-like sheen while boating. I wondered about fuel, but cannot identify the substance. This event never occurred.",oil_or_fuel,0,0,1,0,0,0,concern,negative,analyzed,rejected,imprecise_gps;synthetic_demo,,1,0,1,demo-simulated-v1,demo-coastal-observation-v1,demo-evidence-separated-v1,imprecise_device_location,0,oil_or_fuel,concern,negative
84afafa7-e1c3-578a-9cac-503b368598ee,1,C05-S46,uncertain_imprecise_gps,Petone Beach,2026-09-23T09:25:00+00:00,2026-09-23T09:10:00+00:00,recreational_fishing,registered,1ee99103-0960-5c68-a12d-771c2b52021a,0,"DEMO / SYNTHETIC C05-S46: Fictional recreational fishing experience. I could not tell what the patch in the water was. I am sharing an uncertain observation for follow-up, without claiming pollution. This event never occurred.",,0,0,0,0,0,0,uncertain,unknown,analyzed,pending,imprecise_gps;synthetic_demo,,1,0,1,demo-simulated-v1,demo-coastal-observation-v1,demo-evidence-separated-v1,imprecise_device_location,0,,uncertain,unknown
c50cbd4c-d898-57cd-b35f-05d5c9d8511e,1,C05-S24,text_image_conflict,Petone Beach,2026-09-24T09:03:00+00:00,2026-09-24T08:48:00+00:00,boating,registered,1f438d18-9e91-5f2d-93ff-1b9163287bde,0,"DEMO / SYNTHETIC C05-S24: Fictional boating experience. I noticed a strong odour near an outfall. I wondered about wastewater, but this is an unverified impression. This event never occurred.",suspected_wastewater,0,0,0,1,0,0,concern,negative,analyzed,rejected,synthetic_demo,,1,0,1,demo-simulated-v1,demo-coastal-observation-v1,demo-evidence-separated-v1,approximate_device_location,0,suspected_wastewater,concern,negative
1bb185df-d632-544a-862c-636684b2886c,1,C05-S30,analysis_failure,Petone Beach,2026-09-24T09:09:00+00:00,2026-09-24T08:54:00+00:00,boating,registered,487c0ed4-3ee4-5fe1-8869-98006c30f4d1,0,"DEMO / SYNTHETIC C05-S30: Fictional boating experience. The water looked unusually cloudy to me today. I do not know whether weather, sediment or another cause explains it. This event never occurred.",,,,,,,,,,failed,pending,synthetic_demo,,1,0,0,demo-simulated-v1,demo-coastal-observation-v1,demo-evidence-separated-v1,approximate_device_location,0,unusual_water,concern,negative
b2e3474b-c0ba-55f6-b5b6-ea2366d6ea9f,1,C05-S36,missing_photo_date,Petone Beach,2026-09-24T09:15:00+00:00,,boating,registered,78059473-8c46-53b2-a7c3-66eaa72450d0,0,DEMO / SYNTHETIC C05-S36: Fictional boating experience. I noticed discarded fishing line near the rocks and want the community to keep an eye on this area. This event never occurred.,other,0,0,0,0,0,1,concern,negative,analyzed,pending,missing_photo_date;synthetic_demo,,1,0,1,demo-simulated-v1,demo-coastal-observation-v1,demo-evidence-separated-v1,approximate_device_location,0,other,concern,negative
5b609fe3-7cd7-541e-bfa5-89c73f2f2866,1,C05-S47,uncertain_text_image_conflict,Petone Beach,2026-09-24T09:26:00+00:00,2026-09-24T09:11:00+00:00,paddling,registered,f5692cd2-f066-5e1a-9bd3-297471a57d84,0,"DEMO / SYNTHETIC C05-S47: Fictional paddling experience. I could not tell what the patch in the water was. I am sharing an uncertain observation for follow-up, without claiming pollution. This event never occurred.",,0,0,0,0,0,0,uncertain,neutral,analyzed,rejected,synthetic_demo,,0,0,1,demo-simulated-v1,demo-coastal-observation-v1,demo-evidence-separated-v1,approximate_device_location,0,,uncertain,neutral
a44168be-ba43-5d7f-a6ed-32e9a337c6e1,1,C05-S48,uncertain_missing_photo_date,Petone Beach,2026-09-25T09:27:00+00:00,,boating,guest,,1,"DEMO / SYNTHETIC C05-S48: Fictional boating experience. I could not tell what the patch in the water was. I am sharing an uncertain observation for follow-up, without claiming pollution. This event never occurred.",,0,0,0,0,0,0,uncertain,unknown,analyzed,pending,missing_photo_date;synthetic_demo,,1,0,1,demo-simulated-v1,demo-coastal-observation-v1,demo-evidence-separated-v1,approximate_device_location,0,,uncertain,unknown
0f0ddd18-abfc-52c5-8b38-4fe20bb0a18b,1,C04-S01,repeated_concern_quality_approved,Porirua Harbour,2026-07-28T08:30:00+00:00,2026-07-28T08:15:00+00:00,boating,registered,1f438d18-9e91-5f2d-93ff-1b9163287bde,0,DEMO / SYNTHETIC C04-S01: Fictional boating experience. I noticed several wrappers and bottles near the shoreline after my visit. This event never occurred.,litter,1,0,0,0,0,0,concern,negative,analyzed,approved,community_location_only;synthetic_demo,,1,10,1,demo-simulated-v1,demo-coastal-observation-v1,demo-evidence-separated-v1,community_only,3,litter,concern,negative
fbc645be-f622-58de-9599-ff32b3bdcce4,1,C04-S07,repeated_concern_quality_approved,Porirua Harbour,2026-07-28T08:36:00+00:00,2026-07-28T08:21:00+00:00,boating,registered,487c0ed4-3ee4-5fe1-8869-98006c30f4d1,0,"DEMO / SYNTHETIC C04-S07: Fictional boating experience. I noticed an unusual coloured patch near the harbour. I wondered about industrial discharge, but do not know its source. This event never occurred.",suspected_industrial,0,1,0,0,0,0,concern,negative,analyzed,approved,synthetic_demo,,1,10,1,demo-simulated-v1,demo-coastal-observation-v1,demo-evidence-separated-v1,approximate_device_location,3,suspected_industrial,concern,negative
ccf390a9-cd2f-53fb-91bb-143ba65ab1f4,1,C04-S13,repeated_concern_quality_approved,Porirua Harbour,2026-07-28T08:42:00+00:00,2026-07-28T08:27:00+00:00,boating,registered,78059473-8c46-53b2-a7c3-66eaa72450d0,0,"DEMO / SYNTHETIC C04-S13: Fictional boating experience. I noticed a rainbow-like sheen while boating. I wondered about fuel, but cannot identify the substance. This event never occurred.",oil_or_fuel,0,0,1,0,0,0,concern,negative,analyzed,approved,synthetic_demo,,1,10,1,demo-simulated-v1,demo-coastal-observation-v1,demo-evidence-separated-v1,approximate_device_location,3,oil_or_fuel,concern,negative
3eaab7d2-ac4e-50f5-85c8-ff1a6357ee4d,1,C04-S37,positive_coastal_experience,Porirua Harbour,2026-07-28T09:06:00+00:00,2026-07-28T08:51:00+00:00,boating,registered,487c0ed4-3ee4-5fe1-8869-98006c30f4d1,0,DEMO / SYNTHETIC C04-S37: Fictional boating experience. I enjoyed my time by the water. It looked clear to me and I felt refreshed. This personal impression does not establish water safety. This event never occurred.,,0,0,0,0,0,0,moment,positive,analyzed,approved,synthetic_demo,,1,10,1,demo-simulated-v1,demo-coastal-observation-v1,demo-evidence-separated-v1,approximate_device_location,0,,moment,positive
f58bd64e-cec8-5954-abb4-6c31f114c355,1,C04-S19,repeated_concern_quality_approved,Porirua Harbour,2026-07-29T08:48:00+00:00,2026-07-29T08:33:00+00:00,boating,registered,e9140487-dcfb-55b8-8153-baa650b713b9,0,"DEMO / SYNTHETIC C04-S19: Fictional boating experience. I noticed a strong odour near an outfall. I wondered about wastewater, but this is an unverified impression. This event never occurred.",suspected_wastewater,0,0,0,1,0,0,concern,negative,analyzed,approved,synthetic_demo,,1,10,1,demo-simulated-v1,demo-coastal-observation-v1,demo-evidence-separated-v1,approximate_device_location,3,suspected_wastewater,concern,negative
9dc5e1f8-6a52-55f5-b3aa-08d4b926d023,1,C04-S25,repeated_concern_quality_approved,Porirua Harbour,2026-07-29T08:54:00+00:00,2026-07-29T08:39:00+00:00,boating,registered,08550ffe-4ae9-5749-b305-552daae7b7d6,0,"DEMO / SYNTHETIC C04-S25: Fictional boating experience. The water looked unusually cloudy to me today. I do not know whether weather, sediment or another cause explains it. This event never occurred.",unusual_water,0,0,0,0,1,0,concern,negative,analyzed,approved,synthetic_demo,,1,10,1,demo-simulated-v1,demo-coastal-observation-v1,demo-evidence-separated-v1,approximate_device_location,3,unusual_water,concern,negative
546c1f35-5237-56e2-ac20-3eeb616f7ff4,1,C04-S31,repeated_concern_quality_approved,Porirua Harbour,2026-07-29T09:00:00+00:00,2026-07-29T08:45:00+00:00,boating,registered,1f438d18-9e91-5f2d-93ff-1b9163287bde,0,DEMO / SYNTHETIC C04-S31: Fictional boating experience. I noticed discarded fishing line near the rocks and want the community to keep an eye on this area. This event never occurred.,other,0,0,0,0,0,1,concern,negative,analyzed,approved,synthetic_demo,,1,10,1,demo-simulated-v1,demo-coastal-observation-v1,demo-evidence-separated-v1,approximate_device_location,3,other,concern,negative
018eba37-6c2a-5202-9e17-93c0ed624df1,1,C04-S38,positive_coastal_experience,Porirua Harbour,2026-08-05T09:07:00+00:00,2026-08-05T08:52:00+00:00,commercial_fishing,registered,518bbc96-6fae-57ce-88b8-88b51b6b131c,0,DEMO / SYNTHETIC C04-S38: Fictional commercial fishing experience. I enjoyed my time by the water. It looked clear to me and I felt refreshed. This personal impression does not establish water safety. This event never occurred.,,0,0,0,0,0,0,moment,positive,analyzed,approved,synthetic_demo,,0,10,1,demo-simulated-v1,demo-coastal-observation-v1,demo-evidence-separated-v1,approximate_device_location,0,,moment,positive
eaf26c73-5126-5ba2-821f-98204339e657,1,C04-S02,repeated_concern_quality_approved,Porirua Harbour,2026-08-07T08:31:00+00:00,2026-08-07T08:16:00+00:00,commercial_fishing,registered,ca6de5e3-5868-530f-a672-4261f79e403a,0,DEMO / SYNTHETIC C04-S02: Fictional commercial fishing experience. I noticed several wrappers and bottles near the shoreline after my visit. This event never occurred.,litter,1,0,0,0,0,0,concern,negative,analyzed,approved,synthetic_demo,,0,10,1,demo-simulated-v1,demo-coastal-observation-v1,demo-evidence-separated-v1,approximate_device_location,3,litter,concern,negative
f479e710-8a05-5629-8a08-4e8ff100fcec,1,C04-S08,repeated_concern_quality_approved,Porirua Harbour,2026-08-07T08:37:00+00:00,2026-08-07T08:22:00+00:00,commercial_fishing,registered,518bbc96-6fae-57ce-88b8-88b51b6b131c,0,"DEMO / SYNTHETIC C04-S08: Fictional commercial fishing experience. I noticed an unusual coloured patch near the harbour. I wondered about industrial discharge, but do not know its source. This event never occurred.",suspected_industrial,0,1,0,0,0,0,concern,negative,analyzed,approved,synthetic_demo,,0,10,1,demo-simulated-v1,demo-coastal-observation-v1,demo-evidence-separated-v1,approximate_device_location,3,suspected_industrial,concern,negative
9d5ff365-6412-52ec-8e75-f4c97546645a,1,C04-S14,repeated_concern_quality_approved,Porirua Harbour,2026-08-07T08:43:00+00:00,2026-08-07T08:28:00+00:00,commercial_fishing,registered,0dc6578d-60e0-5d68-9036-22ab507ffd76,0,"DEMO / SYNTHETIC C04-S14: Fictional commercial fishing experience. I noticed a rainbow-like sheen while boating. I wondered about fuel, but cannot identify the substance. This event never occurred.",oil_or_fuel,0,0,1,0,0,0,concern,negative,analyzed,approved,synthetic_demo,,0,10,1,demo-simulated-v1,demo-coastal-observation-v1,demo-evidence-separated-v1,approximate_device_location,3,oil_or_fuel,concern,negative
34b7bae7-4df2-5e0c-9ce9-f4ccc6789171,1,C04-S20,repeated_concern_quality_approved,Porirua Harbour,2026-08-08T08:49:00+00:00,2026-08-08T08:34:00+00:00,commercial_fishing,registered,377eb2d4-b99c-55df-bce1-5b50fca3e937,0,"DEMO / SYNTHETIC C04-S20: Fictional commercial fishing experience. I noticed a strong odour near an outfall. I wondered about wastewater, but this is an unverified impression. This event never occurred.",suspected_wastewater,0,0,0,1,0,0,concern,negative,analyzed,approved,synthetic_demo,,0,10,1,demo-simulated-v1,demo-coastal-observation-v1,demo-evidence-separated-v1,approximate_device_location,3,suspected_wastewater,concern,negative
550aa9dd-0149-5d19-ac60-d4ba643103ab,1,C04-S26,repeated_concern_quality_approved,Porirua Harbour,2026-08-08T08:55:00+00:00,2026-08-08T08:40:00+00:00,commercial_fishing,registered,dcb970c4-c852-59a4-94a8-72656a0f0119,0,"DEMO / SYNTHETIC C04-S26: Fictional commercial fishing experience. The water looked unusually cloudy to me today. I do not know whether weather, sediment or another cause explains it. This event never occurred.",unusual_water,0,0,0,0,1,0,concern,negative,analyzed,approved,synthetic_demo,,0,10,1,demo-simulated-v1,demo-coastal-observation-v1,demo-evidence-separated-v1,approximate_device_location,3,unusual_water,concern,negative
74147539-910f-5967-b255-27dff71a0295,1,C04-S32,repeated_concern_quality_approved,Porirua Harbour,2026-08-08T09:01:00+00:00,2026-08-08T08:46:00+00:00,commercial_fishing,registered,ca6de5e3-5868-530f-a672-4261f79e403a,0,DEMO / SYNTHETIC C04-S32: Fictional commercial fishing experience. I noticed discarded fishing line near the rocks and want the community to keep an eye on this area. This event never occurred.,other,0,0,0,0,0,1,concern,negative,analyzed,approved,synthetic_demo,,0,10,1,demo-simulated-v1,demo-coastal-observation-v1,demo-evidence-separated-v1,approximate_device_location,3,other,concern,negative
82e6381e-df71-5067-b454-fca461b91294,1,C04-S39,positive_coastal_experience,Porirua Harbour,2026-08-13T09:08:00+00:00,2026-08-13T08:53:00+00:00,conservation,guest,,1,DEMO / SYNTHETIC C04-S39: Fictional conservation experience. I enjoyed my time by the water. It looked clear to me and I felt refreshed. This personal impression does not establish water safety. This event never occurred.,,0,0,0,0,0,0,moment,positive,analyzed,approved,synthetic_demo,,1,0,1,demo-simulated-v1,demo-coastal-observation-v1,demo-evidence-separated-v1,approximate_device_location,0,,moment,positive
f78b404a-de16-5780-bc49-4f9857fe2cbb,1,C04-S03,repeated_concern_quality_approved,Porirua Harbour,2026-08-18T08:32:00+00:00,2026-08-18T08:17:00+00:00,conservation,registered,ee52b4fe-eae5-52d2-b300-1e2915f36d83,0,DEMO / SYNTHETIC C04-S03: Fictional conservation experience. I noticed several wrappers and bottles near the shoreline after my visit. This event never occurred.,litter,1,0,0,0,0,0,concern,negative,analyzed,approved,synthetic_demo,,1,10,1,demo-simulated-v1,demo-coastal-observation-v1,demo-evidence-separated-v1,approximate_device_location,3,litter,concern,negative
edeb25d7-ebe8-5b0f-a0db-cfc3a550213e,1,C04-S09,repeated_concern_quality_approved,Porirua Harbour,2026-08-18T08:38:00+00:00,2026-08-18T08:23:00+00:00,conservation,registered,a373ccb2-3496-59ee-8c1a-4673629916b8,0,"DEMO / SYNTHETIC C04-S09: Fictional conservation experience. I noticed an unusual coloured patch near the harbour. I wondered about industrial discharge, but do not know its source. This event never occurred.",suspected_industrial,0,1,0,0,0,0,concern,negative,analyzed,approved,synthetic_demo,,1,10,1,demo-simulated-v1,demo-coastal-observation-v1,demo-evidence-separated-v1,approximate_device_location,3,suspected_industrial,concern,negative
c322bf85-3c93-524d-9cac-3de47976fec7,1,C04-S15,repeated_concern_quality_approved,Porirua Harbour,2026-08-18T08:44:00+00:00,2026-08-18T08:29:00+00:00,conservation,registered,1f8d6f9b-b4b3-5bae-a6c7-56c288a6f0e6,0,"DEMO / SYNTHETIC C04-S15: Fictional conservation experience. I noticed a rainbow-like sheen while boating. I wondered about fuel, but cannot identify the substance. This event never occurred.",oil_or_fuel,0,0,1,0,0,0,concern,negative,analyzed,approved,synthetic_demo,,1,10,1,demo-simulated-v1,demo-coastal-observation-v1,demo-evidence-separated-v1,approximate_device_location,3,oil_or_fuel,concern,negative
6df8c8a2-a71f-56ab-b8b6-38b9c208d22b,1,C04-S21,repeated_concern_quality_approved,Porirua Harbour,2026-08-19T08:50:00+00:00,2026-08-19T08:35:00+00:00,conservation,registered,0a4cfedb-9e7f-5416-a936-b064bb3d89a9,0,"DEMO / SYNTHETIC C04-S21: Fictional conservation experience. I noticed a strong odour near an outfall. I wondered about wastewater, but this is an unverified impression. This event never occurred.",suspected_wastewater,0,0,0,1,0,0,concern,negative,analyzed,approved,synthetic_demo,,1,10,1,demo-simulated-v1,demo-coastal-observation-v1,demo-evidence-separated-v1,approximate_device_location,3,suspected_wastewater,concern,negative
90427371-cd6a-50e5-afb1-3e65b24ba526,1,C04-S27,repeated_concern_quality_approved,Porirua Harbour,2026-08-19T08:56:00+00:00,2026-08-19T08:41:00+00:00,conservation,registered,9e2d99d0-0030-544a-b45c-12bd8d0f5931,0,"DEMO / SYNTHETIC C04-S27: Fictional conservation experience. The water looked unusually cloudy to me today. I do not know whether weather, sediment or another cause explains it. This event never occurred.",unusual_water,0,0,0,0,1,0,concern,negative,analyzed,approved,synthetic_demo,,1,10,1,demo-simulated-v1,demo-coastal-observation-v1,demo-evidence-separated-v1,approximate_device_location,3,unusual_water,concern,negative
4597952a-af64-5b25-8ada-981bd6cc429b,1,C04-S33,repeated_concern_quality_approved,Porirua Harbour,2026-08-19T09:02:00+00:00,2026-08-19T08:47:00+00:00,conservation,registered,ee52b4fe-eae5-52d2-b300-1e2915f36d83,0,DEMO / SYNTHETIC C04-S33: Fictional conservation experience. I noticed discarded fishing line near the rocks and want the community to keep an eye on this area. This event never occurred.,other,0,0,0,0,0,1,concern,negative,analyzed,approved,synthetic_demo,,1,10,1,demo-simulated-v1,demo-coastal-observation-v1,demo-evidence-separated-v1,approximate_device_location,3,other,concern,negative
ffe61199-5a31-552f-bd1c-f0220d9bd030,1,C04-S40,positive_coastal_experience,Porirua Harbour,2026-08-21T09:09:00+00:00,2026-08-21T08:54:00+00:00,swimming,registered,e3950d66-1509-5ba9-b729-51dbd92f53ad,0,DEMO / SYNTHETIC C04-S40: Fictional swimming experience. I enjoyed my time by the water. It looked clear to me and I felt refreshed. This personal impression does not establish water safety. This event never occurred.,,0,0,0,0,0,0,moment,positive,analyzed,approved,synthetic_demo,,1,10,1,demo-simulated-v1,demo-coastal-observation-v1,demo-evidence-separated-v1,approximate_device_location,0,,moment,positive
4844b8df-6be3-5165-b47b-d2ac1cdbe33e,1,C04-S41,positive_coastal_experience,Porirua Harbour,2026-08-29T09:10:00+00:00,2026-08-29T08:55:00+00:00,recreational_fishing,registered,4aaa5d11-46b7-5dfe-9b3f-8a32d40571b7,0,DEMO / SYNTHETIC C04-S41: Fictional recreational fishing experience. I enjoyed my time by the water. It looked clear to me and I felt refreshed. This personal impression does not establish water safety. This event never occurred.,,0,0,0,0,0,0,moment,positive,analyzed,pending,synthetic_demo,,0,0,1,demo-simulated-v1,demo-coastal-observation-v1,demo-evidence-separated-v1,approximate_device_location,0,,moment,positive
4e19cf42-86f2-5c49-9828-896b3127300a,1,C04-S04,concern_followup,Porirua Harbour,2026-08-31T08:33:00+00:00,2026-08-31T08:18:00+00:00,swimming,guest,,1,DEMO / SYNTHETIC C04-S04: Fictional swimming experience. I noticed several wrappers and bottles near the shoreline after my visit. This event never occurred.,litter,1,0,0,0,0,0,concern,negative,analyzed,pending,synthetic_demo,,1,0,1,demo-simulated-v1,demo-coastal-observation-v1,demo-evidence-separated-v1,approximate_device_location,3,litter,concern,negative
7799d1c1-f6b8-5201-a631-4e566bb4950d,1,C04-S10,concern_followup,Porirua Harbour,2026-08-31T08:39:00+00:00,2026-08-31T08:24:00+00:00,swimming,guest,,1,"DEMO / SYNTHETIC C04-S10: Fictional swimming experience. I noticed an unusual coloured patch near the harbour. I wondered about industrial discharge, but do not know its source. This event never occurred.",suspected_industrial,0,1,0,0,0,0,concern,negative,analyzed,pending,synthetic_demo,,1,0,1,demo-simulated-v1,demo-coastal-observation-v1,demo-evidence-separated-v1,approximate_device_location,3,suspected_industrial,concern,negative
d9486888-764c-5b90-aad4-912ee58ffc11,1,C04-S16,concern_followup,Porirua Harbour,2026-08-31T08:45:00+00:00,2026-08-31T08:30:00+00:00,swimming,guest,,1,"DEMO / SYNTHETIC C04-S16: Fictional swimming experience. I noticed a rainbow-like sheen while boating. I wondered about fuel, but cannot identify the substance. This event never occurred.",oil_or_fuel,0,0,1,0,0,0,concern,negative,analyzed,pending,synthetic_demo,,1,0,1,demo-simulated-v1,demo-coastal-observation-v1,demo-evidence-separated-v1,approximate_device_location,3,oil_or_fuel,concern,negative
a300f578-b21c-54fa-bded-75055993be10,1,C04-S22,concern_followup,Porirua Harbour,2026-09-01T08:51:00+00:00,2026-09-01T08:36:00+00:00,swimming,guest,,1,"DEMO / SYNTHETIC C04-S22: Fictional swimming experience. I noticed a strong odour near an outfall. I wondered about wastewater, but this is an unverified impression. This event never occurred.",suspected_wastewater,0,0,0,1,0,0,concern,negative,analyzed,pending,synthetic_demo,,1,0,1,demo-simulated-v1,demo-coastal-observation-v1,demo-evidence-separated-v1,approximate_device_location,3,suspected_wastewater,concern,negative
7f11f267-0824-55a0-ad1d-03f423826245,1,C04-S28,concern_followup,Porirua Harbour,2026-09-01T08:57:00+00:00,2026-09-01T08:42:00+00:00,swimming,guest,,1,"DEMO / SYNTHETIC C04-S28: Fictional swimming experience. The water looked unusually cloudy to me today. I do not know whether weather, sediment or another cause explains it. This event never occurred.",unusual_water,0,0,0,0,1,0,concern,negative,analyzed,pending,synthetic_demo,,1,0,1,demo-simulated-v1,demo-coastal-observation-v1,demo-evidence-separated-v1,approximate_device_location,3,unusual_water,concern,negative
0db8d0b2-7b16-5d68-a20e-1856078b6841,1,C04-S34,concern_followup,Porirua Harbour,2026-09-01T09:03:00+00:00,2026-09-01T08:48:00+00:00,swimming,guest,,1,DEMO / SYNTHETIC C04-S34: Fictional swimming experience. I noticed discarded fishing line near the rocks and want the community to keep an eye on this area. This event never occurred.,other,0,0,0,0,0,1,concern,negative,analyzed,pending,community_location_only;synthetic_demo,,1,0,1,demo-simulated-v1,demo-coastal-observation-v1,demo-evidence-separated-v1,community_only,3,other,concern,negative
a3ae06d3-1ef7-56e0-bd07-9c023bcaea28,1,C04-S42,positive_coastal_experience,Porirua Harbour,2026-09-06T09:11:00+00:00,2026-09-06T08:56:00+00:00,paddling,guest,,1,DEMO / SYNTHETIC C04-S42: Fictional paddling experience. I enjoyed my time by the water. It looked clear to me and I felt refreshed. This personal impression does not establish water safety. This event never occurred.,,,,,,,,,,pending,pending,synthetic_demo,,1,0,0,demo-simulated-v1,demo-coastal-observation-v1,demo-evidence-separated-v1,approximate_device_location,0,,moment,positive
5c835d76-6554-584f-8c25-da74f0be1f5b,1,C04-S05,analysis_pending,Porirua Harbour,2026-09-12T08:34:00+00:00,2026-09-12T08:19:00+00:00,recreational_fishing,registered,08444fce-f59d-5cfa-bff1-363fa8ea6e1e,0,DEMO / SYNTHETIC C04-S05: Fictional recreational fishing experience. I noticed several wrappers and bottles near the shoreline after my visit. This event never occurred.,,,,,,,,,,pending,pending,synthetic_demo,,0,0,0,demo-simulated-v1,demo-coastal-observation-v1,demo-evidence-separated-v1,approximate_device_location,0,litter,concern,negative
2f2a69c8-9a38-58b7-8636-93bfd5a86f25,1,C04-S11,analysis_failure,Porirua Harbour,2026-09-12T08:40:00+00:00,2026-09-12T08:25:00+00:00,recreational_fishing,registered,4aaa5d11-46b7-5dfe-9b3f-8a32d40571b7,0,"DEMO / SYNTHETIC C04-S11: Fictional recreational fishing experience. I noticed an unusual coloured patch near the harbour. I wondered about industrial discharge, but do not know its source. This event never occurred.",,,,,,,,,,failed,pending,synthetic_demo,,0,0,0,demo-simulated-v1,demo-coastal-observation-v1,demo-evidence-separated-v1,approximate_device_location,0,suspected_industrial,concern,negative
2db656a4-3bf1-5eee-8c5d-1f031b0af920,1,C04-S17,analysis_pending,Porirua Harbour,2026-09-12T08:46:00+00:00,2026-09-12T08:31:00+00:00,recreational_fishing,registered,129effb0-d7c8-5883-86c1-50b92a0db966,0,"DEMO / SYNTHETIC C04-S17: Fictional recreational fishing experience. I noticed a rainbow-like sheen while boating. I wondered about fuel, but cannot identify the substance. This event never occurred.",,,,,,,,,,pending,pending,synthetic_demo,,0,0,0,demo-simulated-v1,demo-coastal-observation-v1,demo-evidence-separated-v1,approximate_device_location,0,oil_or_fuel,concern,negative
b8ee8d0c-3fb8-52e4-8067-05a62b6220c5,1,C04-S23,analysis_failure,Porirua Harbour,2026-09-13T08:52:00+00:00,2026-09-13T08:37:00+00:00,recreational_fishing,registered,1ee99103-0960-5c68-a12d-771c2b52021a,0,"DEMO / SYNTHETIC C04-S23: Fictional recreational fishing experience. I noticed a strong odour near an outfall. I wondered about wastewater, but this is an unverified impression. This event never occurred.",,,,,,,,,,failed,pending,community_location_only;synthetic_demo,,0,0,0,demo-simulated-v1,demo-coastal-observation-v1,demo-evidence-separated-v1,community_only,0,suspected_wastewater,concern,negative
2bd4234d-1076-58bc-8da3-572a8e3015d5,1,C04-S29,analysis_pending,Porirua Harbour,2026-09-13T08:58:00+00:00,2026-09-13T08:43:00+00:00,recreational_fishing,registered,58050f5f-bb57-5188-bea6-50029269ffc6,0,"DEMO / SYNTHETIC C04-S29: Fictional recreational fishing experience. The water looked unusually cloudy to me today. I do not know whether weather, sediment or another cause explains it. This event never occurred.",,,,,,,,,,pending,pending,synthetic_demo,,0,0,0,demo-simulated-v1,demo-coastal-observation-v1,demo-evidence-separated-v1,approximate_device_location,0,unusual_water,concern,negative
0d9a2e84-d75b-55c6-a6f4-062cd6a679ca,1,C04-S35,analysis_failure,Porirua Harbour,2026-09-13T09:04:00+00:00,2026-09-13T08:49:00+00:00,recreational_fishing,registered,08444fce-f59d-5cfa-bff1-363fa8ea6e1e,0,DEMO / SYNTHETIC C04-S35: Fictional recreational fishing experience. I noticed discarded fishing line near the rocks and want the community to keep an eye on this area. This event never occurred.,,,,,,,,,,failed,pending,synthetic_demo,,0,0,0,demo-simulated-v1,demo-coastal-observation-v1,demo-evidence-separated-v1,approximate_device_location,0,other,concern,negative
960a35f2-3849-5837-bb82-2cc6168aa277,1,C04-S43,positive_coastal_experience,Porirua Harbour,2026-09-14T09:12:00+00:00,2026-09-14T08:57:00+00:00,boating,registered,78059473-8c46-53b2-a7c3-66eaa72450d0,0,DEMO / SYNTHETIC C04-S43: Fictional boating experience. I enjoyed my time by the water. It looked clear to me and I felt refreshed. This personal impression does not establish water safety. This event never occurred.,,,,,,,,,,failed,pending,synthetic_demo,,1,0,0,demo-simulated-v1,demo-coastal-observation-v1,demo-evidence-separated-v1,approximate_device_location,0,,moment,positive
26aa0a7f-2185-5b09-96d2-f9ae1285e9a9,1,C04-S44,positive_coastal_experience,Porirua Harbour,2026-09-22T09:13:00+00:00,2026-09-22T08:58:00+00:00,commercial_fishing,registered,0dc6578d-60e0-5d68-9036-22ab507ffd76,0,DEMO / SYNTHETIC C04-S44: Fictional commercial fishing experience. I enjoyed my time by the water. It looked clear to me and I felt refreshed. This personal impression does not establish water safety. This event never occurred.,,0,0,0,0,0,0,moment,positive,analyzed,approved,synthetic_demo,,0,10,1,demo-simulated-v1,demo-coastal-observation-v1,demo-evidence-separated-v1,approximate_device_location,0,,moment,positive
03594e18-b639-5be0-9442-37beb5a1d75f,1,C04-S45,uncertain_low_resolution,Porirua Harbour,2026-09-22T09:14:00+00:00,2026-09-22T08:59:00+00:00,conservation,registered,1f8d6f9b-b4b3-5bae-a6c7-56c288a6f0e6,0,"DEMO / SYNTHETIC C04-S45: Fictional conservation experience. I could not tell what the patch in the water was. I am sharing an uncertain observation for follow-up, without claiming pollution. This event never occurred.",,0,0,0,0,0,0,uncertain,neutral,analyzed,rejected,low_resolution;community_location_only;synthetic_demo,,1,0,1,demo-simulated-v1,demo-coastal-observation-v1,demo-evidence-separated-v1,community_only,0,,uncertain,neutral
12eaa496-4074-542c-8d8b-aeb01458ded0,1,C04-S06,duplicate_photo,Porirua Harbour,2026-09-23T08:35:00+00:00,2026-09-23T08:20:00+00:00,paddling,registered,101493fe-8ba4-516d-b693-ae459d3b75f9,0,DEMO / SYNTHETIC C04-S06: Fictional paddling experience. I noticed several wrappers and bottles near the shoreline after my visit. This event never occurred.,,,,,,,,,,duplicate,pending,synthetic_demo;duplicate_photo,0f0ddd18-abfc-52c5-8b38-4fe20bb0a18b,1,0,0,demo-simulated-v1,demo-coastal-observation-v1,demo-evidence-separated-v1,approximate_device_location,0,litter,concern,negative
3cfc82f3-53f1-5674-bfa9-ca0db000efa5,1,C04-S12,low_resolution,Porirua Harbour,2026-09-23T08:41:00+00:00,2026-09-23T08:26:00+00:00,paddling,registered,bbea72fb-75e2-5380-b430-d2cff3d49daa,0,"DEMO / SYNTHETIC C04-S12: Fictional paddling experience. I noticed an unusual coloured patch near the harbour. I wondered about industrial discharge, but do not know its source. This event never occurred.",suspected_industrial,0,1,0,0,0,0,concern,negative,analyzed,rejected,low_resolution;community_location_only;synthetic_demo,,1,0,1,demo-simulated-v1,demo-coastal-observation-v1,demo-evidence-separated-v1,community_only,0,suspected_industrial,concern,negative
4046cb85-0ffc-56a3-bf34-4f54f4ed4089,1,C04-S18,imprecise_gps,Porirua Harbour,2026-09-23T08:47:00+00:00,2026-09-23T08:32:00+00:00,paddling,registered,7f751526-1ed8-5b0d-915b-826d247348f8,0,"DEMO / SYNTHETIC C04-S18: Fictional paddling experience. I noticed a rainbow-like sheen while boating. I wondered about fuel, but cannot identify the substance. This event never occurred.",oil_or_fuel,0,0,1,0,0,0,concern,negative,analyzed,rejected,imprecise_gps;synthetic_demo,,1,0,1,demo-simulated-v1,demo-coastal-observation-v1,demo-evidence-separated-v1,imprecise_device_location,0,oil_or_fuel,concern,negative
7c8c35dd-4bf0-5d5e-bde4-08da8664fc8f,1,C04-S46,uncertain_imprecise_gps,Porirua Harbour,2026-09-23T09:15:00+00:00,2026-09-23T09:00:00+00:00,swimming,registered,0cedf2b3-7ba1-5e0d-9196-7a0700f4daf1,0,"DEMO / SYNTHETIC C04-S46: Fictional swimming experience. I could not tell what the patch in the water was. I am sharing an uncertain observation for follow-up, without claiming pollution. This event never occurred.",,0,0,0,0,0,0,uncertain,unknown,analyzed,pending,imprecise_gps;synthetic_demo,,1,0,1,demo-simulated-v1,demo-coastal-observation-v1,demo-evidence-separated-v1,imprecise_device_location,0,,uncertain,unknown
e6275f85-6823-5ab3-88c4-6ecc6ff3cfdc,1,C04-S24,text_image_conflict,Porirua Harbour,2026-09-24T08:53:00+00:00,2026-09-24T08:38:00+00:00,paddling,registered,f5692cd2-f066-5e1a-9bd3-297471a57d84,0,"DEMO / SYNTHETIC C04-S24: Fictional paddling experience. I noticed a strong odour near an outfall. I wondered about wastewater, but this is an unverified impression. This event never occurred.",suspected_wastewater,0,0,0,1,0,0,concern,negative,analyzed,rejected,synthetic_demo,,1,0,1,demo-simulated-v1,demo-coastal-observation-v1,demo-evidence-separated-v1,approximate_device_location,0,suspected_wastewater,concern,negative
6bd166b7-687a-55ce-9787-28819b04992c,1,C04-S30,analysis_failure,Porirua Harbour,2026-09-24T08:59:00+00:00,2026-09-24T08:44:00+00:00,paddling,registered,0a76cb31-c62e-56dc-83e8-0491881e3624,0,"DEMO / SYNTHETIC C04-S30: Fictional paddling experience. The water looked unusually cloudy to me today. I do not know whether weather, sediment or another cause explains it. This event never occurred.",,,,,,,,,,failed,pending,synthetic_demo,,1,0,0,demo-simulated-v1,demo-coastal-observation-v1,demo-evidence-separated-v1,approximate_device_location,0,unusual_water,concern,negative
6b5fc7f5-12d3-5561-8cc8-e47345c178ce,1,C04-S36,missing_photo_date,Porirua Harbour,2026-09-24T09:05:00+00:00,,paddling,registered,101493fe-8ba4-516d-b693-ae459d3b75f9,0,DEMO / SYNTHETIC C04-S36: Fictional paddling experience. I noticed discarded fishing line near the rocks and want the community to keep an eye on this area. This event never occurred.,other,0,0,0,0,0,1,concern,negative,analyzed,pending,missing_photo_date;synthetic_demo,,1,0,1,demo-simulated-v1,demo-coastal-observation-v1,demo-evidence-separated-v1,approximate_device_location,0,other,concern,negative
03939b31-bbe8-5aca-9cf3-5a1e362bc4ab,1,C04-S47,uncertain_text_image_conflict,Porirua Harbour,2026-09-24T09:16:00+00:00,2026-09-24T09:01:00+00:00,recreational_fishing,registered,129effb0-d7c8-5883-86c1-50b92a0db966,0,"DEMO / SYNTHETIC C04-S47: Fictional recreational fishing experience. I could not tell what the patch in the water was. I am sharing an uncertain observation for follow-up, without claiming pollution. This event never occurred.",,0,0,0,0,0,0,uncertain,neutral,analyzed,rejected,synthetic_demo,,0,0,1,demo-simulated-v1,demo-coastal-observation-v1,demo-evidence-separated-v1,approximate_device_location,0,,uncertain,neutral
708291e5-3d92-5079-9246-4c47a64917e2,1,C04-S48,uncertain_missing_photo_date,Porirua Harbour,2026-09-25T09:17:00+00:00,,paddling,guest,,1,"DEMO / SYNTHETIC C04-S48: Fictional paddling experience. I could not tell what the patch in the water was. I am sharing an uncertain observation for follow-up, without claiming pollution. This event never occurred.",,0,0,0,0,0,0,uncertain,unknown,analyzed,pending,missing_photo_date;synthetic_demo,,1,0,1,demo-simulated-v1,demo-coastal-observation-v1,demo-evidence-separated-v1,approximate_device_location,0,,uncertain,unknown
